,0
0,"[1.0018771649243099e-122, -1.693963993272824e-120, -4.50937728991541e-119, 6.7407811760659e-117, 8.692984490396582e-115, 4.5645247168118956e-113, -7.682176847191858e-112, -4.203286138784781e-109, -4.8633090802816623e-107, -3.3826276070295e-105, -9.879312303892829e-104, 1.1797979896237613e-101, 2.430358204099525e-99, 2.589799725274944e-97, 1.8844874430758095e-95, 7.488880110227562e-94, -3.6601657416560115e-92, -1.1309392695034504e-89, -1.3974454824546865e-87, -1.1969725624735879e-85, -6.875863624878213e-84, -8.28242581250192e-83, 4.227093590762752e-80, 7.011128214746887e-78, 7.153381300318227e-76, 5.119381997251364e-74, 1.935374203942372e-72, -1.2192454963764276e-70, -3.3677333926746647e-68, -4.0122653992769905e-66, -3.208928322556152e-64, -1.4733296317202816e-62, 4.4266044872635755e-61, 1.832095657004841e-58, 2.273771079172127e-56, 1.7497936338613034e-54, 6.181705618900541e-53, -5.636453929337801e-51, -1.2785679890732782e-48, -1.2700885686879582e-46, -6.420123197568073e-45, 2.0774890018344027e-43, 7.966538828400332e-41, 8.211690929461519e-39, 3.293552336509347e-37, -3.062283404792085e-35, -6.265939469102315e-33, -4.151590694040723e-31, 1.187773929451125e-29, 4.803954318098142e-27, 3.214374548991625e-25, -1.7656792005250237e-23, -4.2021848133964516e-21, -8.057145052476059e-20, 3.631706392001127e-17, 1.726076849609577e-15, -3.4703677342447883e-13, -8.867864718149264e-12, 3.990612359819201e-09, -3.317824116154628e-07, 1.5079263826052331e-05, -0.0004312434003470134, 0.007978580157861223, -0.09309836379409064, 0.6307569329859292, -2.055689165365901, 2.4822833536741244, -7.223340437246079, 51.60103823343913]"
1,"[-1.0607636878279773e-122, 1.8197618901700552e-120, 4.5922469676637853e-119, -7.459174275511943e-117, -9.350899151849862e-115, -4.724077359624359e-113, 1.0776431021082394e-111, 4.712956638233537e-109, 5.2901045471938144e-107, 3.5585648261380815e-105, 8.90136489193172e-104, -1.4640972743579408e-101, -2.7661285347498885e-99, -2.8531014403439813e-97, -2.0004152775896454e-95, -7.042918608163134e-94, 5.318120455959449e-92, 1.3487394545190324e-89, 1.5942549999687055e-87, 1.3179254385921908e-85, 7.085231943063451e-84, 1.2113174851712314e-83, -5.5167423710617796e-80, -8.429862162572198e-78, -8.273460520925936e-76, -5.656003134537647e-74, -1.810080842850961e-72, 1.881377362658783e-70, 4.297633560322579e-68, 4.891974262052513e-66, 3.7722368637483184e-64, 1.5822760260757274e-62, -7.659509704650527e-61, -2.4260201884154315e-58, -2.9016059893336236e-56, -2.185860541032098e-54, -7.268846496320542e-53, 7.836477339730175e-51, 1.701124697734329e-48, 1.6976180460036483e-46, 8.905612814411226e-45, -2.2882891420356e-43, -1.0455577315970709e-40, -1.1466841034608725e-38, -5.5007486040848945e-37, 3.024131549210287e-35, 8.166563684491891e-33, 6.5394983363463255e-31, -2.7112971539925797e-31, -5.598234835297004e-27, -5.084478032868042e-25, 6.167678195888606e-24, 4.8152701646697804e-21, 2.299054881228144e-19, -3.17676006760897e-17, -2.794548624497395e-15, 2.7300773135209624e-13, 1.7341296475124725e-11, -3.5235728548532264e-09, 2.3529773492639491e-07, -9.121171575288473e-06, 0.00022972904954277363, -0.0038773175476997067, 0.04364578900181735, -0.31759071658803395, 1.402980464773483, -3.315084334615246, 2.9140552141298732, 49.46612675984701]"
2,"[2.815347870722555e-122, -4.3672525177458625e-120, -1.5507037123906175e-118, 1.422153665102019e-116, 2.2487255821629583e-114, 1.4605100814930772e-112, 1.6675134196854607e-111, -8.263358481084232e-109, -1.2000732900774236e-106, -1.012043745763063e-104, -5.062235105260012e-103, 4.731525002997021e-102, 4.5157398954675926e-99, 6.18308913507328e-97, 5.579414272906572e-95, 3.4567801635621034e-93, 8.05467190356459e-92, -1.4909641734305328e-89, -2.865249749413844e-87, -3.140940043048141e-85, -2.4825452408695477e-83, -1.2732183363102702e-81, 3.768395803771421e-81, 1.065568978068142e-77, 1.5813815197425298e-75, 1.5414710888418587e-73, 1.065954041263864e-71, 3.749293557399202e-70, -2.883983064981757e-68, -7.313016224689364e-66, -8.590191532140103e-64, -6.880864184327439e-62, -3.261263844253725e-60, 7.411110246724533e-59, 3.697522132529611e-56, 4.741467148009625e-54, 3.8109031803285624e-52, 1.5832229218593057e-50, -8.482759981473515e-49, -2.442542046100329e-46, -2.6378292606135393e-44, -1.561118773389176e-42, 7.198087875241572e-42, 1.3422378905865976e-38, 1.6136588405216354e-36, 8.762885285993073e-35, -2.6420983773441254e-33, -9.892831634148406e-31, -8.370890588106054e-29, -5.319242699306388e-28, 6.03869729904772e-25, 5.410717160896978e-23, -6.952302098652745e-22, -4.490838535243916e-19, -1.5390991490672574e-17, 2.7798913477106508e-15, 1.2594424731309323e-13, -1.9991241204274404e-11, 2.4492474170354615e-10, 5.836414791649616e-08, -4.0238662432797896e-06, 0.00013167544052690411, -0.0025769976584635542, 0.03191782498640954, -0.25299994005799814, 1.2612408299511813, -3.595578622873933, 5.183786517346043, 48.43917229970296]"
3,"[1.4059050270509645e-122, -2.3204607103071022e-120, -6.721044836005914e-119, 8.793568222918415e-117, 1.1916028748969653e-114, 6.63729891522403e-113, -5.616799345478035e-112, -5.416455835928264e-109, -6.594228232565984e-107, -4.819497700156472e-105, -1.678692029148284e-103, 1.2924509899723382e-101, 3.117831426815403e-99, 3.498832422829091e-97, 2.6824076728601776e-95, 1.218354975136149e-93, -2.9342339683626673e-92, -1.3922798547579772e-89, -1.8475094263120639e-87, -1.6678585294705536e-85, -1.0404099274384338e-83, -2.4001323805342764e-82, 4.682929388868341e-80, 8.977424287621238e-78, 9.778042397354243e-76, 7.5130631358626e-74, 3.430653289310381e-72, -9.126702831726411e-71, -4.137106754044967e-68, -5.434348801514958e-66, -4.72212769603545e-64, -2.5698480517397802e-62, 6.210077890054927e-62, 2.185333646465064e-58, 3.1223289965746826e-56, 2.7084572670209494e-54, 1.3079741217215948e-52, -3.7429955896534523e-51, -1.595664557132988e-48, -1.8877839912131495e-46, -1.2440728908418807e-44, -9.954725243140418e-44, 8.962269124010341e-41, 1.2233507752540838e-38, 7.748833105269869e-37, -8.275027081206303e-36, -7.370405138216279e-33, -7.455443141261143e-31, -1.6826017828865575e-29, 4.543790088631579e-27, 5.481310061871144e-25, 6.4824765635121745e-24, -4.1063278710730006e-21, -2.8736836577596956e-19, 2.2365716176095373e-17, 2.8967760100473715e-15, -1.9030308136950192e-13, -1.8570952032704056e-11, 2.8624896008930192e-09, -1.7277364149458892e-07, 6.280764311643764e-06, -0.00015229311174264006, 0.00253761320224979, -0.02876181594292327, 0.210477259445629, -0.8873668084403988, 1.7518694081012562, -1.0649014097540785, 49.86070607503255]"
4,"[1.0642090771514332e-122, -1.761166210454725e-120, -5.064336784218698e-119, 6.708717719481378e-117, 9.052307809206789e-115, 5.019166233156595e-113, -4.578027052000434e-112, -4.1396796893375475e-109, -5.0201334696452663e-107, -3.6567624726664156e-105, -1.2600862237834034e-103, 1.0008527824348915e-101, 2.384940204170598e-99, 2.6675680405008025e-97, 2.039243631198833e-95, 9.20214188030513e-94, -2.3216992666340265e-92, -1.0675143602342748e-89, -1.411118623201237e-87, -1.2708294221137224e-85, -7.901545938806046e-84, -1.790509095777465e-82, 3.604720795461817e-80, 6.864469034860214e-78, 7.457127393073325e-76, 5.715247486245248e-74, 2.59473503734583e-72, -7.1611697709123325e-71, -3.166622817737914e-68, -4.143972054304982e-66, -3.589857433438827e-64, -1.942321102429313e-62, 6.423896641597174e-62, 1.6764955484062826e-58, 2.3804367596967764e-56, 2.0545370064667293e-54, 9.805322985908583e-53, -3.016586870946397e-51, -1.2257962628900095e-48, -1.437565848179821e-46, -9.365553078634259e-45, -5.906705545547741e-44, 6.971193501988963e-41, 9.367072918105375e-39, 5.828793107837224e-37, -7.858112522279679e-36, -5.759701900923957e-33, -5.722179679665643e-31, -1.1925346723488794e-29, 3.6179300057656946e-27, 4.274961331803458e-25, 4.4872909491482404e-24, -3.2760593520638354e-21, -2.2836555046662213e-19, 1.7762839454759404e-17, 2.352343606017503e-15, -1.4522716458884474e-13, -1.5656566868618e-11, 2.1873054440640566e-09, -1.160913168412693e-07, 3.3064031265388137e-06, -4.606377698143491e-05, -6.669988450249721e-05, 0.014195561790789357, -0.24617579452002314, 2.0008883581316392, -7.327809449364103, 3.4978309799500638, 48.66981684366862]"
5,"[4.559937175527223e-122, -7.294879881281678e-120, -2.35764539542443e-118, 2.568734184987541e-116, 3.7582904484932905e-114, 2.2740705255785008e-112, 5.892262543433707e-112, -1.5410663351846384e-108, -2.046022394991165e-106, -1.6144568664040038e-104, -6.980876174641897e-103, 2.3553443023208062e-101, 8.664770736495458e-99, 1.0717554465166952e-96, 8.969838589307558e-95, 4.904303793735671e-93, 2.9198586899037396e-92, -3.395308910261913e-89, -5.307023150152318e-87, -5.295374211449395e-85, -3.781660864594717e-83, -1.5137392430310242e-81, 7.139655356478705e-80, 2.2791925243827367e-77, 2.8697548231593446e-75, 2.5069454937206194e-73, 1.4806721657789668e-71, 2.1744614682347353e-70, -8.600834869523907e-68, -1.4575775565549024e-65, -1.4751605440395834e-63, -1.0092568304031322e-61, -2.9674944960418634e-60, 3.793689247781256e-58, 7.893774390895993e-56, 8.287917901560151e-54, 5.4330768395253296e-52, 9.612906992141436e-51, -3.051224815889798e-48, -4.964293951736417e-46, -4.239758673552538e-44, -1.6104719848320998e-42, 1.3335203899315479e-40, 2.992389391967468e-38, 2.6148778500274656e-36, 7.076479175041382e-35, -1.293656106993071e-32, -1.9904600943322948e-30, -1.029019984941764e-28, 5.962687401953855e-27, 1.3539674479293345e-24, 6.088535578702086e-23, -6.5176386481745315e-21, -8.455963228962866e-19, 1.6488006894723608e-17, 6.8852369110125775e-15, -1.348322820414585e-13, -4.702667283554672e-11, 4.122476398465554e-09, -1.5480556639840605e-07, 2.606563444910675e-06, 8.552466107362505e-06, -0.0013238041748965508, 0.028246384456592027, -0.31003896485560056, 1.8886545588981964, -5.742593827814044, 7.628558408713233, 48.05123596191406]"
6,"[2.304063251060995e-122, -3.7905307857890164e-120, -1.11560719421511e-118, 1.4245444070418505e-116, 1.9515588420265907e-114, 1.1014338710216488e-112, -7.382475912678769e-112, -8.756843182162481e-109, -1.0803223670233732e-106, -8.000570130363663e-105, -2.905920503933106e-103, 1.975979275706536e-101, 5.030249312390334e-99, 5.737836761601026e-97, 4.472524478607279e-95, 2.113287014874572e-93, -3.648714295321162e-92, -2.201210936272564e-89, -3.002484465817532e-87, -2.7641933884827393e-85, -1.776558949478001e-83, -4.8007193448365426e-82, 6.921146188198573e-80, 1.427533781553155e-77, 1.5991523055001076e-75, 1.2644760841592944e-73, 6.177929990776029e-72, -9.079948620322754e-71, -6.341371030329998e-68, -8.732703734908062e-66, -7.852700875444644e-64, -4.541178771935618e-62, -3.0874834127046256e-61, 3.239039842551794e-58, 4.95413630845948e-56, 4.4924869411873234e-54, 2.367210545287445e-52, -3.2807437252474555e-51, -2.3920541114715936e-48, -3.0207991358782544e-46, -2.1303062458701965e-44, -3.5582008362987608e-43, 1.2835062203093537e-40, 1.9243386540837355e-38, 1.3268718397528693e-36, 7.939318722337108e-37, -1.0811421652595996e-32, -1.1983769356530739e-30, -3.611561801693419e-29, 6.334703777788198e-27, 8.646965206407337e-25, 1.7491781430074915e-23, -5.889521857514262e-21, -4.768838806776157e-19, 2.877351685315795e-17, 4.542573158465067e-15, -2.413870486535692e-13, -2.975980827089458e-11, 3.98194691237353e-09, -2.1932178770999904e-07, 7.184429764016113e-06, -0.00015241180535636753, 0.0021280925000181643, -0.019050624833616428, 0.09996464347918234, -0.22326579670551816, -0.17354636936979095, -1.739815075680772, 49.3175106048584]"
7,"[-1.1803884298793528e-122, 2.1403243972801243e-120, 4.204389167780586e-119, -9.71574000858668e-117, -1.0913720273834785e-114, -4.621335584902156e-113, 2.4176580495223997e-111, 6.311525353016336e-109, 6.32005279633597e-107, 3.668398936579767e-105, 1.9781674848661593e-104, -2.55222553043337e-101, -3.785718271388839e-99, -3.4596973999893e-97, -2.05741251467222e-95, -2.815215238868747e-94, 1.2237931839613437e-91, 2.0533283464042155e-89, 2.0944446144113926e-87, 1.4944936200233685e-85, 5.5775909681818305e-84, -3.7132588966773246e-82, -1.0192511103841247e-79, -1.243079460367633e-77, -1.0502911941738583e-75, -5.700612164333865e-74, 2.4700741322467327e-74, 4.759966262762466e-70, 7.166653568492229e-68, 6.836628003704887e-66, 4.288752723899707e-64, 6.972566667400537e-63, -2.554908676893728e-60, -4.362728433251365e-58, -4.260477349450944e-56, -2.5318375820750977e-54, -6.014205620857125e-54, 2.058012787124892e-50, 2.962390801511085e-48, 2.387375371564772e-46, 7.604520212119075e-45, -1.0117728766084107e-42, -1.994419895462448e-40, -1.720427714213381e-38, -4.594000284812448e-37, 9.222533458338981e-35, 1.4901584380395705e-32, 8.916260860658701e-31, -3.364157900892561e-29, -1.120949938206305e-26, -7.558575249127043e-25, 3.4534822404640203e-23, 9.252179205368278e-21, 2.6544324233268075e-19, -7.011868501558101e-17, -4.368657908346336e-15, 6.067650196139014e-13, 2.583645732514513e-11, -7.050363541402313e-09, 5.092669610429648e-07, -2.0718870238477278e-05, 0.0005389919134730929, -0.009257369027146658, 0.10397384923337313, -0.7303523636387002, 2.926278565008233, -5.642897633175011, 3.296639802050158, 48.8903990427653]"
8,"[3.5787038575377915e-123, -5.659013230478011e-121, -1.9384701090970627e-119, 1.930043389661406e-117, 2.963178328120782e-115, 1.8788278940258323e-113, 1.4823268771081941e-112, -1.1623004254504885e-109, -1.634451362717685e-107, -1.3515010240333143e-105, -6.463065785072562e-104, 1.1410385021299769e-102, 6.618188955127461e-100, 8.775991729539726e-98, 7.775986427399493e-96, 4.675957953855752e-94, 8.677688733826645e-93, -2.400037913333221e-90, -4.322949431164479e-88, -4.649089755055008e-86, -3.616773538704106e-84, -1.7822592160131403e-82, 1.931383861608246e-81, 1.7373942415335855e-78, 2.5029319504094532e-76, 2.4168378027372303e-74, 1.6546922968193536e-72, 5.514491130053047e-71, -5.1490240361991e-69, -1.2349567462470054e-66, -1.4473806653424473e-64, -1.1665257853857474e-62, -5.57465612587973e-61, 1.318859076356948e-59, 6.578701283974761e-57, 8.609216108419024e-55, 7.12879177866155e-53, 3.167012598461764e-51, -1.4040714198164235e-49, -4.641281646381095e-47, -5.325272101915001e-45, -3.4522052107501566e-43, -2.046407847951633e-42, 2.6361702715009938e-39, 3.59927254640773e-37, 2.3266928297404278e-35, -1.9428857366990656e-34, -2.205042324381376e-31, -2.3314116561920276e-29, -6.239980697524299e-28, 1.3636077032427122e-25, 1.7984366964055377e-23, 3.3032713599130876e-22, -1.3077414726650258e-19, -1.0598044177570099e-17, 6.714190633304279e-16, 1.0796282399599271e-13, -5.869170878575756e-12, -7.629922873749888e-10, 1.0466568697100817e-07, -5.936737381697912e-06, 0.00020049398799817805, -0.00439084000681365, 0.06353265006790858, -0.5971218419261913, 3.4505214572299203, -10.627762577671, 7.457275217312466, 49.33034609158834]"
9,"[6.239172985423585e-123, -7.829132542318018e-121, -4.8685794698258834e-119, 8.890723113956825e-118, 4.150131477181907e-115, 4.225003467839105e-113, 2.300215491203678e-111, -1.2288147003279763e-110, -1.9459646387245132e-107, -2.679329953830102e-105, -2.362858904071313e-103, -1.3570316690710648e-101, -1.331607138325576e-100, 8.981039936751793e-98, 1.4815557429157083e-95, 1.5449630563565806e-93, 1.1725260374684075e-91, 5.48113929124193e-90, -1.1563299735289157e-88, -6.356578073836197e-86, -8.998835720951115e-84, -8.807336634302566e-82, -6.299522516646208e-80, -2.506711419327009e-78, 1.357939355332892e-76, 4.237981013415337e-74, 5.485226123294443e-72, 4.988278461133128e-70, 3.1271903962919683e-68, 6.284938369238569e-67, -1.6818177071334763e-64, -3.1246082727996928e-62, -3.355490595722053e-60, -2.4458887379260007e-58, -8.348348186086049e-57, 8.399255371943736e-55, 1.966614111348693e-52, 2.180232553578034e-50, 1.4896436236216245e-48, 2.6848821258428637e-47, -9.045621921075726e-45, -1.498105696745996e-42, -1.2740480367630577e-40, -4.128797312890695e-39, 5.666612971983995e-37, 1.083790018535331e-34, 8.428470112527943e-33, 5.101630982553743e-32, -6.828815112692243e-29, -7.752241651303532e-27, -1.6826920297157917e-25, 5.339371596211698e-23, 5.806803542720299e-21, -7.819524802263709e-20, -5.622348751154874e-17, -1.3284200035235886e-15, 4.890658290042952e-13, 5.519554379091181e-12, -4.73216746492815e-09, 3.9485553359682045e-07, -1.745277922284497e-05, 0.0004837964338310487, -0.008800663575256561, 0.10507603138137006, -0.7988960221312639, 3.632978578923104, -8.72999227891622, 6.307482785226752, 49.260925928751625]"
10,"[1.1261709321556812e-122, -1.8801799328542457e-120, -5.228269125274812e-119, 7.299438302855557e-117, 9.647216740092678e-115, 5.217603991227252e-113, -6.567421963924267e-112, -4.526707297200831e-109, -5.3661857592714316e-107, -3.822042156941362e-105, -1.2191271058065735e-103, 1.186488152797283e-101, 2.616388366617036e-99, 2.8540191042627917e-97, 2.126486280825584e-95, 8.991471837211764e-94, -3.335621204366831e-92, -1.2017899107545884e-89, -1.5300520674187812e-87, -1.3403733299365566e-85, -7.977423081428225e-84, -1.3346246156042455e-82, 4.359396903894192e-80, 7.633480198263355e-78, 7.999299355469919e-76, 5.898687611014865e-74, 2.4211967430673155e-72, -1.13277272918817e-70, -3.650587587872387e-68, -4.523320099019516e-66, -3.752014866378924e-64, -1.8644533685456944e-62, 3.1731288580918326e-61, 1.9845746397139516e-58, 2.6177607988453144e-56, 2.137620005567908e-54, 8.978116285670703e-53, -4.9100930949093994e-51, -1.42202758895679e-48, -1.5478146376644057e-46, -9.181892635545931e-45, 6.141828925829181e-44, 8.4031652250927e-41, 1.0161328099828283e-38, 5.566445435057181e-37, -1.8112704353622467e-35, -6.732487936354803e-33, -5.895403727835202e-31, -4.9072305722412666e-30, 4.487779014930113e-27, 4.433121705951089e-25, -2.4377765153422267e-24, -3.950874934146734e-21, -2.0290164394766086e-19, 2.5803432794278764e-17, 2.3464353052388525e-15, -2.2969623068676575e-13, -1.4174870888481972e-11, 3.039512755194866e-09, -2.15213027678488e-07, 9.059894947796039e-06, -0.00025547159407876183, 0.005002633411164502, -0.06792570475029396, 0.619154041644047, -3.5188677733707023, 10.522763264945342, -6.8474237347097375, 51.15117696126302]"
11,"[-3.462402577096898e-123, 5.451096824180504e-121, 1.8591872811752196e-119, -1.8477288225053355e-117, -2.821491985425039e-115, -1.7760721750454322e-113, -1.2977648994733022e-112, 1.102908537830443e-109, 1.5345001033801762e-107, 1.2552183742178605e-105, 5.870296908879282e-104, -1.2208172552885895e-102, -6.233666555770986e-100, -8.109147358089435e-98, -7.061415003787987e-96, -4.1238577482374735e-94, -6.102121776051872e-93, 2.332448315058146e-90, 3.9919887156949586e-88, 4.178501841642396e-86, 3.1501011363385775e-84, 1.443283910789002e-82, -3.3114099099894505e-81, -1.6639043799567892e-78, -2.2653682829939068e-76, -2.1012342623026648e-74, -1.3584008575778897e-72, -3.5491400709161295e-71, 5.683057607221524e-69, 1.1481502777936815e-66, 1.264399760811441e-64, 9.5587509961135e-63, 3.8926552678749404e-61, -2.081172141652073e-59, -6.280784921720768e-57, -7.48902384122787e-55, -5.698477162646476e-53, -2.0097847866395433e-51, 1.8606024658912583e-49, 4.2922851988872284e-47, 4.4224589016777246e-45, 2.4821290811134095e-43, -3.4615593025138857e-42, -2.5275215892289874e-39, -2.967306641988896e-37, -1.6087864419568186e-35, 5.250187137642824e-34, 1.9579541987512593e-31, 1.7508589578097856e-29, 2.2118133411860173e-28, -1.238217797456049e-25, -1.3113784052510971e-23, -4.7532771431649204e-23, 1.046008368297124e-19, 6.424198758810724e-18, -5.769389389696938e-16, -6.482529889307906e-14, 4.4974168004271546e-12, 3.7330018773809696e-10, -5.5708545934554417e-08, 3.0281259376701126e-06, -9.317451325924131e-05, 0.0017540660241869928, -0.019837291548113953, 0.11934597853876551, -0.2305548920715611, -0.3313202510909557, -3.8237354173795826, 51.46692266464233]"
12,"[1.068278963117962e-122, -1.7543739047079572e-120, -5.187867241556681e-119, 6.571270384090795e-117, 9.028377117336499e-115, 5.1104839568423077e-113, -3.220444504256471e-112, -4.0366079065431563e-109, -4.9929532000465385e-107, -3.705611976499575e-105, -1.3542563921431141e-103, 9.033653629282225e-102, 2.3192448612413634e-99, 2.651349754723678e-97, 2.070591480690697e-95, 9.82153623708076e-94, -1.6349533510430497e-92, -1.0141584550889349e-89, -1.3871136945871133e-87, -1.2792841528168766e-85, -8.241022500179946e-84, -2.248788817765596e-82, 3.1798606197664734e-80, 6.595579277399333e-78, 7.404802504005573e-76, 5.867788698583147e-74, 2.8795196466902676e-72, -4.036533697787138e-71, -2.9285306123666813e-68, -4.0477990692257886e-66, -3.6504670990618504e-64, -2.121445300614088e-62, -1.5853159785891757e-61, 1.49358965140154e-58, 2.299557576627022e-56, 2.0952565675785782e-54, 1.1142844643507821e-52, -1.3838045275287292e-51, -1.1045661209981114e-48, -1.4073435235247115e-46, -1.0023415534199546e-44, -1.8001350185325282e-43, 5.875647270572293e-41, 8.962000344860476e-39, 6.281062616915638e-37, 1.7289539802857246e-36, -4.959752357392329e-33, -5.621615459883661e-31, -1.8048346400969577e-29, 2.8515714222265204e-27, 4.044440730108712e-25, 9.286983078884524e-24, -2.6616358922182024e-21, -2.2736381922764316e-19, 1.2284019054616161e-17, 2.1219641735096334e-15, -1.0115371177570255e-13, -1.4021752217709727e-11, 1.7475361313640569e-09, -9.087599021070809e-08, 2.7555875479959983e-06, -5.1665557768527045e-05, 0.0005701058886525465, -0.002675157531313714, -0.013830428534948817, 0.26277467154343975, -1.352433424106665, 2.229472618256563, 49.4932186126709]"
13,"[-6.245507429466855e-123, 1.1038906523053716e-120, 2.4843524442113504e-119, -4.779921895556023e-117, -5.683444552131602e-115, -2.6578987137973364e-113, 9.378238373197136e-112, 3.074105342046135e-109, 3.274301560171031e-107, 2.071828658879166e-105, 3.562947373475053e-104, -1.0902891613735202e-101, -1.829544831592987e-99, -1.792091651284057e-97, -1.1802499021510966e-95, -3.242778048849222e-94, 4.543196424000892e-92, 9.365797930691617e-90, 1.0410016436839e-87, 8.153310647671117e-86, 3.923999820044411e-84, -6.44350754792751e-83, -4.15435272252165e-80, -5.7714704159862495e-78, -5.364942195446003e-76, -3.415941403095712e-74, -7.831283052722951e-73, 1.6166947085962787e-70, 3.0754590480322595e-68, 3.286987303665794e-66, 2.381950820138849e-64, 8.324788966594454e-63, -7.368663006606846e-61, -1.773587511405643e-58, -1.9806285376052818e-56, -1.3964281514871454e-54, -3.5704579916489054e-53, 6.573427695787034e-51, 1.2219000316369167e-48, 1.1438671828851123e-46, 5.3707957164152815e-45, -2.4103852463946807e-43, -7.694629014471137e-41, -7.859694085675657e-39, -3.3314787467692814e-37, 2.62537917842311e-35, 5.905506385885661e-33, 4.381911392930886e-31, -3.9085353516903714e-30, -4.151633189404986e-27, -3.4871008739303435e-25, 6.862844848354313e-24, 3.5223483794898104e-21, 1.5148975239672655e-19, -2.3993083657560113e-17, -1.960613755650453e-15, 2.0423144171342954e-13, 1.2221912728564169e-11, -2.557678388508261e-09, 1.6932187927456962e-07, -6.386748932623238e-06, 0.000152998469642316, -0.0023778047841971506, 0.02344243534414241, -0.13699195831203398, 0.4049320053514726, -0.34603445065394534, 0.8491694869942155, 49.717115529378255]"
14,"[-9.354807527998865e-123, 1.5477421680620432e-120, 4.436118616473167e-119, -5.900585459077946e-117, -7.940831839333464e-115, -4.3856168264499177e-113, 4.233214995128939e-112, 3.643507797783071e-109, 4.3992409904460464e-107, 3.1885746732871742e-105, 1.0795842034619197e-103, -9.004339762159603e-102, -2.1035855054125688e-99, -2.3373749858183503e-97, -1.773789967292327e-95, -7.851182060914532e-94, 2.2591660374892942e-92, 9.526316981882072e-90, 1.2441147065860413e-87, 1.1103749401891286e-85, 6.802519972705266e-84, 1.3995627273847848e-82, -3.3263824342999734e-80, -6.136857735408771e-78, -6.582885104726035e-76, -4.9783390375956626e-74, -2.1825180963140537e-72, 7.483099777112486e-71, 2.8884651065695927e-68, 3.706694535022451e-66, 3.165936260030841e-64, 1.6678236941893043e-62, -1.2792445937267842e-61, -1.5513628324032074e-58, -2.151338948167031e-56, -1.8295360604075241e-54, -8.469574137018236e-53, 3.082361380338876e-51, 1.1292361135169152e-48, 1.3032362656889625e-46, 8.366539856006264e-45, 3.725986723813462e-44, -6.449826809100714e-41, -8.555214863845223e-39, -5.285364110727803e-37, 7.493781348470638e-36, 5.274053956190553e-33, 5.241158638371513e-31, 1.122038268986895e-29, -3.271838532460482e-27, -3.9144362674011614e-25, -4.729734757217751e-24, 2.9349327350079188e-21, 2.1110631855737523e-19, -1.5361167907154968e-17, -2.1303572915992016e-15, 1.2391056085816154e-13, 1.410266861687753e-11, -1.906079149828336e-09, 1.0051769182299199e-07, -2.948967003047432e-06, 4.8599581852379707e-05, -0.00032226899873926063, -0.0030926233639277855, 0.08359193534770089, -0.7206182585206493, 2.686533579769531, 0.1706266262066387, 49.9647767384847]"
15,"[2.0366383847408203e-122, -3.4262952013615156e-120, -9.311760083610015e-119, 1.3508593204449783e-116, 1.7628747854718387e-114, 9.388727254322211e-113, -1.4032675521359236e-111, -8.440956777589354e-109, -9.882461897195435e-107, -6.954769124916192e-105, -2.1168345890642673e-103, 2.3150430567935002e-101, 4.91566496078846e-99, 5.301177051723196e-97, 3.9061319621338214e-95, 1.6013491322869741e-93, -6.938416181720178e-92, -2.29538605927889e-89, -2.8828098929339017e-87, -2.5033924683997502e-85, -1.4697601147453518e-83, -2.163643788923021e-82, 8.514504456932896e-80, 1.459496978401858e-77, 1.518240739164381e-75, 1.1126557569229366e-73, 4.4909123202443966e-72, -2.266338061388799e-70, -7.043485600991899e-68, -8.688445366998231e-66, -7.202128192184886e-64, -3.5839952162360828e-62, 6.0466737457557e-61, 3.821199352479881e-58, 5.065127810483907e-56, 4.170280093356871e-54, 1.7973779552686354e-52, -8.92457244472725e-51, -2.7305523871352105e-48, -3.029629161882269e-46, -1.8566452111953748e-44, 3.2407178649017236e-44, 1.5817585097877598e-40, 1.993449455674562e-38, 1.1631297385022594e-36, -2.5911048688141794e-35, -1.2693284906108146e-32, -1.1919168770226472e-30, -1.9212152858226388e-29, 8.080109696649634e-27, 8.918402839700154e-25, 4.827020272049955e-24, -7.14688312369322e-21, -4.525976896927438e-19, 4.111321407407126e-17, 4.78008389241172e-15, -3.4714073800236757e-13, -3.057930156386536e-11, 4.9688654914706585e-09, -3.0263886732739145e-07, 1.0870682180163555e-05, -0.0002539737851449149, 0.0039479718336921, -0.04023793984968822, 0.2572129816152062, -0.9683974830587498, 2.1625724975267033, -2.8878692878686527, 50.551631418863934]"
16,"[1.2304015966072324e-124, -1.3735680382794692e-122, -8.44739871134867e-121, 2.3413797534396726e-120, 4.8077770317719645e-117, 5.367541439248248e-115, 3.786376013676717e-113, 1.6602913435901394e-111, -1.654894844090405e-110, -1.412777170101334e-107, -2.0734095739243524e-105, -2.2406301888290416e-103, -1.999914616403016e-101, -1.4397661875440428e-99, -6.631848739668467e-98, 1.9536023700488792e-96, 9.775045776853085e-94, 1.5219553616963361e-91, 1.7156697004722125e-89, 1.5187796495322935e-87, 9.854077659470909e-86, 2.453415743219794e-84, -5.1427772685870157e-82, -1.1068481041743676e-79, -1.3899769812805752e-77, -1.3031885525722483e-75, -8.830539293908311e-74, -2.574642965561167e-72, 3.956269031840184e-70, 8.911814007023634e-68, 1.0940195310525395e-65, 9.578826797695347e-64, 5.394860770729222e-62, -1.7195971280780046e-61, -5.242642738492093e-58, -8.127157574168891e-56, -7.896063384606773e-54, -4.759443997295203e-52, -2.961279186865801e-52, 4.3277009600088524e-48, 6.47647345726164e-46, 5.521400600909701e-44, 1.996346048129396e-42, -2.26316426163374e-40, -4.954475118565435e-38, -4.5543315275791385e-36, -1.3374228940573078e-34, 2.5379846483026465e-32, 4.271555834835088e-30, 2.4765007811475942e-28, -1.3598177264736443e-26, -3.63777145641433e-24, -1.8939445666367043e-22, 2.011330937229205e-20, 3.022793914711017e-18, -6.165883419382442e-17, -3.053937743454346e-14, 7.601325831648435e-13, 2.714577718182399e-10, -3.047110357164686e-08, 1.6274606274581297e-06, -5.312866742560567e-05, 0.0011271427225212857, -0.015596803947030195, 0.1362488756249982, -0.69874636647469, 1.756141591893976, 0.8252670170193108, 49.610174638032916]"
17,"[7.902888819998501e-123, -1.3614467865159965e-120, -3.3792226089140756e-119, 5.62737946667295e-117, 6.9956741398596445e-115, 3.492638112037532e-113, -8.614390113070763e-112, -3.5665708556625163e-109, -3.968346383417646e-107, -2.6429706133499204e-105, -6.279934883802765e-104, 1.1361742219818516e-101, 2.0993777147813674e-99, 2.1457543543585426e-97, 1.4884653383488812e-95, 5.046604886930732e-94, -4.257551298922408e-92, -1.0338692066833073e-89, -1.2080258797086148e-87, -9.889597583587902e-86, -5.217155655817411e-84, 6.6544999438630435e-84, 4.304177496811766e-80, 6.451778409613684e-78, 6.267490043268113e-76, 4.230128006246343e-74, 1.2857369637296766e-72, -1.513622284969412e-70, -3.3224088939740044e-68, -3.736011799939837e-66, -2.8485167893769962e-64, -1.159271019749954e-62, 6.332029393015073e-61, 1.8857962914270572e-58, 2.2264888537647543e-56, 1.6582844089919413e-54, 5.301914069176913e-53, -6.261611999830242e-51, -1.319256082765815e-48, -1.3029498246772582e-46, -6.729360019632977e-45, 1.9026349233352592e-43, 8.14281694120656e-41, 8.846936074650646e-39, 4.191659467031045e-37, -2.396730633848777e-35, -6.342906807818988e-33, -5.055725181456705e-31, 3.487372201917969e-31, 4.345034435382898e-27, 3.9503328791345237e-25, -4.592827388549335e-24, -3.725365667170376e-21, -1.810290757382761e-19, 2.4262964015636197e-17, 2.185164767343079e-15, -2.0610470826298173e-13, -1.3681902439827699e-11, 2.6709367641718936e-09, -1.742663611208991e-07, 6.58593043041987e-06, -0.00016094265312298115, 0.0026189703240320026, -0.028197418245128572, 0.19421443374449104, -0.803360582724076, 1.8450112632020104, -3.2119466320167964, 50.42252655029297]"
18,"[-1.593594505672425e-123, 3.4683405077933646e-121, 7.72842095561098e-121, -2.0243342587833562e-117, -1.6829931251644654e-115, -2.469582575519647e-114, 9.667956622801184e-112, 1.3677127924483738e-109, 1.0111328533451925e-107, 2.776501643272945e-106, -4.236075297700559e-104, -8.209649288511821e-102, -8.364935582938553e-100, -5.494435292364946e-98, -1.2335723813082333e-96, 2.701050515375222e-94, 5.079866437694991e-92, 5.4370969916785815e-90, 4.019506417589541e-88, 1.5761904813818591e-86, -9.725467413354563e-85, -2.823687185267703e-82, -3.526265206070272e-80, -3.037299501457964e-78, -1.680743745891826e-76, 2.9934144785146185e-77, 1.442604895847348e-72, 2.2199896470183138e-70, 2.168725188875147e-68, 1.4098617236738675e-66, 2.798820569586521e-65, -7.960064233860217e-63, -1.4495614728350534e-60, -1.4917712316733718e-58, -9.70283557994109e-57, -1.3802171523916873e-55, 6.468134633556288e-53, 1.0670294658042079e-50, 9.734134366580294e-49, 4.487797787380395e-47, -2.2938070252248013e-45, -7.169696051245466e-43, -7.725082351776669e-41, -3.90491121315944e-39, 1.832649449714436e-37, 5.829312914568527e-35, 5.481996513098276e-33, 1.1785795652089438e-31, -3.6537012831235227e-29, -4.938585370507724e-27, -1.5141571833335974e-25, 3.176693345076482e-23, 3.917464370025742e-21, -3.1668451022502687e-20, -3.8153123739999394e-17, -1.0108191087591923e-15, 3.4759234338942496e-13, 4.098278850814478e-12, -3.5386052220785964e-09, 3.057833154791797e-07, -1.4113221446658264e-05, 0.00041244200510823063, -0.008011188963219746, 0.10400565206643625, -0.8826028283742496, 4.637712735724422, -13.323947048813436, 12.52643111309177, 47.71386159261068]"
19,"[1.680021120931121e-122, -2.4124021439166226e-120, -1.0459961400672258e-118, 6.193116693124514e-117, 1.224787008681813e-114, 9.291065636141814e-113, 2.701531016098168e-111, -3.128887476357205e-109, -6.080559703836961e-107, -5.999658004949873e-105, -3.8681913072901126e-103, -1.0092646049046774e-101, 1.4619543892837392e-99, 2.8995500450689355e-97, 3.153311822584244e-95, 2.4536701098239736e-93, 1.2327134047709924e-91, -4.931162167618745e-91, -1.031581321649027e-87, -1.5205510282786963e-85, -1.4974613450718404e-83, -1.0812497145270248e-81, -4.667947918017176e-80, 1.408594083471416e-78, 5.812278164484387e-76, 7.701030414191511e-74, 7.069832557915224e-72, 4.592960761876379e-70, 1.325733382586953e-68, -1.6458918111283252e-66, -3.511120229616893e-64, -3.91949101045491e-62, -3.0154488916706756e-60, -1.3245758510121997e-58, 4.5917074462343453e-57, 1.7164570424983714e-54, 2.0993402252837374e-52, 1.6198612355175397e-50, 6.0811665248394455e-49, -4.428032704044785e-47, -1.0871840734067289e-44, -1.1081909284875546e-42, -5.97444487280841e-41, 1.0849992074668043e-39, 6.091961699269062e-37, 6.566073642212051e-35, 2.9160958658194814e-33, -1.8883543811309871e-31, -4.331844247701053e-29, -2.9073283427678397e-27, 6.642371680347518e-26, 2.854845331023925e-23, 1.6601973338914085e-21, -1.1549702946557616e-19, -1.8911443372718922e-17, 2.329210553516808e-16, 1.5055796169711504e-13, -3.0831866652431906e-12, -1.0413024818746067e-09, 1.0283602819571724e-07, -4.882101962540367e-06, 0.0001429065664341816, -0.002752865316063011, 0.0352333532000859, -0.2916757108021856, 1.4543891152597863, -3.762093229132868, 4.642843751805977, 49.652441851298015]"
20,"[9.195748116205528e-124, 3.2975059430204247e-122, -1.8243742558793166e-119, -1.6679735504307195e-117, -9.26639798321477e-117, 1.3513573987496863e-113, 1.8353517847671186e-111, 1.3400925324251197e-109, 3.185175105390258e-108, -6.82631433645518e-106, -1.2773206246601362e-103, -1.3261722258676956e-101, -9.166332070886517e-100, -2.6891566304421675e-98, 3.6728740683849638e-96, 7.961028334441855e-94, 9.220613370062834e-92, 7.5823990377445755e-90, 3.9840004760236604e-88, -2.283365813472336e-87, -3.758841167293071e-84, -5.695115604349734e-82, -5.7242086619749484e-80, -4.107326052847505e-78, -1.5377634566065094e-76, 1.1117616051815772e-74, 3.0522959449816294e-72, 3.80383503931838e-70, 3.2870912243534384e-68, 1.820135634460512e-66, -2.1254616173415354e-66, -1.6013385682727973e-62, -2.4274018109134968e-60, -2.3012346053157813e-58, -1.370333413897931e-56, -5.6179706330901625e-56, 1.1053545099509833e-52, 1.6727331728554706e-50, 1.467776790172685e-48, 6.474599352735837e-47, -3.662504757189095e-45, -1.0766218751355407e-42, -1.149565233446122e-40, -5.913749426987793e-39, 2.4052989315354756e-37, 8.270724076582548e-35, 8.008123488253503e-33, 2.0981791697861353e-31, -4.7646921923252627e-29, -6.912854433955988e-27, -2.5400881016925147e-25, 3.9169302800228004e-23, 5.389629876540008e-21, 8.128709457293537e-21, -4.829944298771173e-17, -1.7241256691674753e-15, 4.1875710668189806e-13, 9.046331667415022e-12, -4.297432984847026e-09, 3.371357063908177e-07, -1.4250003463322293e-05, 0.00037687247343654197, -0.006464215464276955, 0.07111923411334298, -0.47792461012233856, 1.7832483091620468, -3.201048303599495, 3.475056935359629, 49.38890139261881]"
21,"[-6.59950387992103e-125, 1.2766715098061108e-122, -1.4854930051196916e-121, -7.040761965424443e-119, -2.9197489861663567e-117, 2.940705789225072e-115, 5.3592012520491e-113, 3.574487809601478e-111, -3.8657029984179265e-110, -3.914061593153778e-107, -5.312090792483636e-105, -4.2056014695214426e-103, -1.3788172357742176e-101, 1.8525966110377486e-99, 4.230203109147185e-97, 4.9844545033509894e-95, 4.005871548617092e-93, 1.7890587429389297e-91, -8.446355548096807e-90, -3.0278877315337784e-87, -4.1305843048183554e-85, -3.899383293668733e-83, -2.522520960278789e-81, -5.041887244405978e-80, 1.5000681768232434e-77, 2.890062403779937e-75, 3.2901089353756446e-73, 2.6569033248317903e-71, 1.256681059316179e-69, -4.152495660767889e-68, -1.8078193196120897e-65, -2.4884130374856144e-63, -2.276792289586025e-61, -1.300510616208347e-59, 4.9922073039138125e-59, 1.2636174547625862e-55, 1.890551485678007e-53, 1.716997148665652e-51, 8.524307837175183e-50, -3.0307323196380333e-48, -1.2220208739339183e-45, -1.4830306652788511e-43, -9.795993321238152e-42, 5.89729343977561e-43, 8.986781819732409e-38, 1.182951897604908e-35, 6.8205245014905e-34, -2.513996415480774e-32, -9.234134056293066e-30, -7.921498086072196e-28, 3.400148741629175e-27, 7.66236138266761e-24, 6.179263998753673e-22, -2.6441186114512685e-20, -7.302441585688482e-18, -4.698615565713397e-17, 6.767966708074174e-14, -1.6590685059508953e-13, -6.322211878127304e-10, 5.81248499153435e-08, -2.7102041179473635e-06, 7.780046756214291e-05, -0.0014445842866814074, 0.01735584514139679, -0.13116997355235344, 0.5990108215731362, -1.6597924111198825, 1.5876830039530658, 49.74788126746814]"
22,"[-1.1906565423463041e-123, 2.5088526808977145e-121, 2.075758032275035e-120, -1.3914879085465386e-117, -1.3107269605998042e-115, -3.6395648595939255e-114, 5.4683052878887475e-112, 9.554963623716005e-110, 8.276883039667959e-108, 3.7626506503472733e-106, -1.2913851707273266e-104, -4.8296216097572865e-102, -5.95412536569817e-100, -4.841396792241432e-98, -2.3572456238928205e-96, 4.0766812969441066e-95, 2.531854464783269e-92, 3.4992300439285934e-90, 3.2441468045651983e-88, 2.0749613097738792e-86, 5.027945733673396e-85, -9.382669712824402e-83, -1.853426773525035e-80, -2.0653484310791495e-78, -1.6305246684035916e-76, -7.837382852342014e-75, 1.5455593550631355e-73, 8.871619165825116e-71, 1.2196407333015739e-68, 1.1092076196435193e-66, 6.571744273823126e-65, 6.111385074839796e-64, -4.576657075302694e-61, -7.2981473385448665e-59, -6.91617832379762e-57, -3.9810222314843905e-55, 4.302223206746788e-55, 3.406093030242378e-51, 4.7789636220096984e-49, 3.796101803720899e-47, 1.1806509704624315e-45, -1.6171035405972347e-43, -3.137732229924063e-41, -2.6806426617774238e-39, -7.009630581737994e-38, 1.4348192145848984e-35, 2.286208763527816e-33, 1.3394502003187267e-31, -5.4435563377747095e-30, -1.7089773111328403e-27, -1.1064260996599307e-25, 5.7624309060682856e-24, 1.4017499182110709e-21, 3.361794742609188e-20, -1.1099115367148019e-17, -6.112901168496884e-16, 9.906335472108865e-14, 3.4060755472645842e-12, -1.1330103701475308e-09, 8.712666622460257e-08, -3.7281981363326084e-06, 0.0001011449958836143, -0.0017850043906505932, 0.01996366697517831, -0.12948662132023298, 0.3750988589671851, 0.06376586323302878, -0.6518031562840179, 50.10742085774739]"
23,"[-5.9541728987905115e-123, 1.0146800401067242e-120, 2.641075919945864e-119, -4.099748065239941e-117, -5.227514272623064e-115, -2.704729340886615e-113, 5.202242956165945e-112, 2.5793802776207784e-109, 2.951738371005992e-107, 2.029921198549229e-105, 5.628835896520209e-104, -7.555587387472115e-102, -1.5073705568233585e-99, -1.5898802862215122e-97, -1.1444722067983709e-95, -4.3912970780742936e-94, 2.48784240906987e-92, 7.170241603901069e-90, 8.750480417396708e-88, 7.432968012674157e-86, 4.205831121202158e-84, 3.998364421084248e-83, -2.769398030499922e-80, -4.501844709487133e-78, -4.5645326729149363e-76, -3.249238205711175e-74, -1.2026373354687896e-72, 8.26770287354468e-71, 2.2146896448247512e-68, 2.6360837000769025e-66, 2.11809082461676e-64, 9.847654318956266e-63, -2.81517727895199e-61, -1.2183100802208127e-58, -1.5394426461165707e-56, -1.2169396687891376e-54, -4.706196424967261e-53, 3.384436147521688e-51, 8.60814490311147e-49, 9.051410187777688e-47, 5.1361299983595156e-45, -6.7721414531457e-44, -5.154249863540363e-41, -6.003883283178811e-39, -3.1415311373199675e-37, 1.2533647481042626e-35, 4.0856450880143374e-33, 3.46885816869491e-31, 1.9071155784334937e-30, -2.750101879839606e-27, -2.6486795756207394e-25, 1.8907529782663976e-24, 2.402041377289779e-21, 1.2284622789775786e-19, -1.5544932476522274e-17, -1.4409111616104958e-15, 1.347508513561656e-13, 8.97185761319223e-12, -1.77707849295311e-09, 1.1835055116021682e-07, -4.599493716780212e-06, 0.00011652539992284343, -0.0019818507290287526, 0.02243863848888978, -0.16222762589711917, 0.6846841765973531, -1.4037938276828255, 1.251473182112696, 49.67174027760824]"
24,"[6.66163693704723e-123, -1.1602687635585404e-120, -2.748547880519319e-119, 4.896251083751897e-117, 5.94866227186939e-115, 2.8729598210823835e-113, -8.563548208597873e-112, -3.1160739574067715e-109, -3.384642316770833e-107, -2.19114566250625e-105, -4.4326379191990866e-104, 1.0523988147298016e-101, 1.837088648628938e-99, 1.829559661171741e-97, 1.2289194991490649e-95, 3.685000228752066e-94, -4.2399908311955755e-92, -9.231582883651423e-90, -1.0424255315566513e-87, -8.267696412040253e-86, -4.0835412511612073e-84, 4.854573401281434e-83, 4.026248497770342e-80, 5.687712684037824e-78, 5.32649086745833e-76, 3.4164296164300426e-74, 8.134614604178685e-73, -1.5662813428573128e-70, -3.0144436599882325e-68, -3.225323679621761e-66, -2.330088356527175e-64, -8.003029909068071e-63, 7.422259090548327e-61, 1.7505161622919613e-58, 1.9350770299136949e-56, 1.341581700148025e-54, 3.1028136240847174e-53, -6.801633074606805e-51, -1.2126810334812823e-48, -1.1066330727738133e-46, -4.877243197130533e-45, 2.8054203560539055e-43, 7.808432740676932e-41, 7.643920439794143e-39, 2.913426320221569e-37, -2.996848733523994e-35, -6.000517183827518e-33, -4.14723403995563e-31, 7.701933293190804e-30, 4.366338781435987e-27, 3.3546971289774495e-25, -1.024869335443546e-23, -3.695810619538321e-21, -1.3192402524488345e-19, 2.6900381400000138e-17, 1.8968711270532426e-15, -2.3447312675740963e-13, -1.1434203712465266e-11, 2.832575018437571e-09, -2.0071620274605386e-07, 8.083032122095296e-06, -0.00020867757559401017, 0.003551892065400239, -0.03918312353662969, 0.26181672777167053, -0.8782132268690157, 0.626274626892038, -1.8388443695624765, 50.84884389241537]"
25,"[-2.476350192910199e-122, 4.101138229581531e-120, 1.1849407292968812e-118, -1.5622780783891323e-116, -2.11652427043955e-114, -1.1801340283710637e-112, 9.988168350761954e-112, 9.659593673574704e-109, 1.1789000419063856e-106, 8.649643784338265e-105, 3.0499902856666476e-103, -2.2755131215795808e-101, -5.575094575450823e-99, -6.298202700103363e-97, -4.8685408206189224e-95, -2.2573222206439585e-93, 4.650808062694323e-92, 2.4678628044229464e-89, 3.3258406333900314e-87, 3.040789245658385e-85, 1.9367941257092298e-83, 5.0084688323378005e-82, -7.903406438089141e-80, -1.594530231173961e-77, -1.7744412643605284e-75, -1.3960592648834605e-73, -6.755075553324201e-72, 1.1039134202902762e-70, 7.109374457155114e-68, 9.733264754850882e-66, 8.73091905438242e-64, 5.0383058923721025e-62, 3.308706247115182e-61, -3.6128075397743585e-58, -5.521143600112154e-56, -5.012411681233513e-54, -2.653716062668509e-52, 3.4404659569164404e-51, 2.6484074895760817e-48, 3.364005426404505e-46, 2.3908781949948085e-44, 4.265094736493152e-43, -1.4021147054392827e-40, -2.1339250138458975e-38, -1.4927166080244858e-36, -3.9421284305156555e-36, 1.1776796925497213e-32, 1.3308035501030608e-30, 4.235118200057474e-29, -6.769219022551676e-27, -9.526086452897564e-25, -2.1193978944079625e-23, 6.306718527924244e-21, 5.278880355417065e-19, -2.987634472926982e-17, -4.930946741711909e-15, 2.522440396885886e-13, 3.204273160373861e-11, -4.2600420665420265e-09, 2.395316488126091e-07, -8.323312023821538e-06, 0.0001999834834179058, -0.0035028465196424246, 0.045286400363068705, -0.4150929238497687, 2.4209185831622526, -7.086192185616395, 2.9420363154612867, 48.6047545115153]"
26,"[1.543198676569552e-122, -2.5884590690457824e-120, -7.098252531299839e-119, 1.0138914657604872e-116, 1.3296407739629415e-114, 7.126535051036231e-113, -9.913618348579418e-112, -6.305246239292425e-109, -7.419719556570525e-107, -5.248184354464787e-105, -1.6322940029266928e-103, 1.6904825966356935e-101, 3.649641564038517e-99, 3.954407656664287e-97, 2.9270363864801348e-95, 1.216621406291075e-93, -4.910490050618292e-92, -1.685744945526811e-89, -2.1282047154434245e-87, -1.8531451356405136e-85, -1.0925174746696945e-83, -1.6861498249784207e-82, 6.185112949661843e-80, 1.0664361900346447e-77, 1.1097764648433274e-75, 8.121454477959206e-74, 3.2635358145175487e-72, -1.665848737368003e-70, -5.127909203032446e-68, -6.29116224493801e-66, -5.1741075423706516e-64, -2.5243039261324627e-62, 5.087794051423963e-61, 2.8030933000673477e-58, 3.646328820263295e-56, 2.9424837693370905e-54, 1.1965989395868041e-52, -7.346431095053405e-51, -2.008468656146756e-48, -2.1511473755612564e-46, -1.2461299244690303e-44, 1.297081389396534e-43, 1.204552563551825e-40, 1.423316383952754e-38, 7.547910451802951e-37, -2.8818616551011864e-35, -9.669927646018699e-33, -8.258301713385509e-31, -4.680695477618834e-30, 6.556212945131799e-27, 6.323594194260624e-25, -4.665052359017869e-24, -5.769855970064633e-21, -2.9454024639367783e-19, 3.7533267975788815e-17, 3.481691560600061e-15, -3.251677343607302e-13, -2.1879861059383474e-11, 4.287727763685673e-09, -2.8183251297539405e-07, 1.0707765195252528e-05, -0.00026121147037269334, 0.004177886992147889, -0.042839872068662146, 0.2632562117438971, -0.8339653144760162, 0.8903135071286274, -1.0596944655497633, 49.008279673258464]"
