"subject","cluster_labels","question_type","score","sentiment_score"
1,4,"willing",20,-0.771744713187218
1,0,"willing",62,0.75802755355835
1,7,"willing",61,0.573689103126526
1,20,"willing",100,0.714885711669922
1,3,"willing",73,0.731200695037842
1,18,"willing",44,-0.728010952472687
1,5,"willing",91,-0.747337371110916
1,17,"willing",39,-0.565425992012024
2,3,"willing",60,0.700961112976074
2,16,"willing",65,0.660681486129761
2,14,"willing",84,0.738454341888428
2,1,"willing",25,0.664202928543091
2,6,"willing",10,0.716869711875916
2,16,"willing",55,0.695410847663879
2,18,"willing",28,-0.757560282945633
2,14,"willing",91,0.571426868438721
3,6,"willing",30,0.391091346740723
3,21,"willing",30,0.638033032417297
3,14,"willing",91,0.444761276245117
3,24,"willing",30,0.320042848587036
3,20,"willing",100,0.402666091918945
3,25,"willing",60,0.270068049430847
3,7,"willing",95,-0.711745262145996
3,6,"willing",10,0.414975047111511
4,12,"willing",6,-0.709005445241928
4,21,"willing",23,-0.771744713187218
4,10,"willing",100,0.695410847663879
4,23,"willing",43,0.710372924804688
4,23,"willing",50,-0.271403670310974
4,23,"willing",47,0.543074131011963
4,23,"willing",65,-0.156125068664551
4,9,"willing",0,0.731200695037842
5,2,"willing",50,0.391091346740723
5,2,"willing",0,-0.317578494548798
5,9,"willing",0,0.678370833396912
5,22,"willing",60,-0.356299221515656
5,17,"willing",0,-0.788854420185089
5,15,"willing",0,-0.798667669296265
5,2,"willing",0,-0.757560282945633
5,12,"willing",0,0.700961112976074
6,14,"willing",76,0.391091346740723
6,13,"willing",89,0.75802755355835
6,17,"willing",0,-0.728010952472687
6,23,"willing",63,0.442355394363403
6,16,"willing",61,0.233093976974487
6,10,"willing",100,0.508263111114502
6,14,"willing",83,-0.549875050783157
6,23,"willing",20,0.670098781585693
7,16,"willing",36,0.548390865325928
7,10,"willing",65,0.642176866531372
7,17,"willing",10,-0.803444087505341
7,10,"willing",92,0.763096928596497
7,13,"willing",71,-0.470828771591187
7,9,"willing",30,-0.739865243434906
7,2,"willing",39,-0.764777109026909
7,0,"willing",93,0.78659188747406
8,23,"willing",93,0.391091346740723
8,14,"willing",48,0.638033032417297
8,10,"willing",91,0.738454341888428
8,1,"willing",31,0.521633505821228
8,26,"willing",8,-0.761645391583443
8,10,"willing",100,0.738454341888428
8,11,"willing",100,-0.757172673940659
8,9,"willing",100,0.642176866531372
9,7,"willing",50,0.466552972793579
9,17,"willing",9,-0.788779139518738
9,16,"willing",19,-0.531803667545319
9,13,"willing",50,0.731200695037842
9,8,"willing",0,-0.767173245549202
9,0,"willing",50,0.374200105667114
9,9,"willing",19,-0.484326183795929
9,4,"willing",18,-0.161953628063202
10,6,"willing",9,-0.765659347176552
10,18,"willing",51,0.660681486129761
10,3,"willing",39,-0.0930331349372864
10,22,"willing",98,0.759617209434509
10,6,"willing",41,-0.771744713187218
10,1,"willing",81,0.374200105667114
10,18,"willing",30,-0.757560282945633
10,12,"willing",31,0.731200695037842
11,3,"willing",75,-0.721023887395859
11,13,"willing",100,-0.253814160823822
11,0,"willing",50,0.374200105667114
11,7,"willing",90,0.742148160934448
11,24,"willing",80,0.731200695037842
11,24,"willing",100,0.707043170928955
11,24,"willing",90,-0.680414855480194
11,25,"willing",100,-0.4788738489151
12,17,"willing",0,-0.771744713187218
12,23,"willing",54,0.695410847663879
12,3,"willing",35,-0.535250902175903
12,20,"willing",70,0.742148160934448
12,14,"willing",62,0.731200695037842
12,17,"willing",5,-0.424350440502167
12,23,"willing",47,-0.757560282945633
12,12,"willing",52,-0.58281946182251
13,23,"willing",48,0.660681486129761
13,23,"willing",50,-0.424350440502167
13,20,"willing",61,0.245904684066772
13,23,"willing",62,0.731200695037842
13,20,"willing",70,0.21867835521698
13,3,"willing",61,0.758896827697754
13,20,"willing",81,0.700512170791626
13,12,"willing",66,0.37063467502594
14,21,"willing",0,-0.835734352469444
14,17,"willing",0,-0.779227450489998
14,14,"willing",55,0.457461595535278
14,23,"willing",72,0.731200695037842
14,1,"willing",61,-0.666727006435394
14,12,"willing",2,-0.515980362892151
14,19,"willing",30,-0.764777109026909
14,1,"willing",8,-0.764777109026909
15,12,"willing",27,0.391091346740723
15,4,"willing",5,-0.74870041012764
15,11,"willing",51,-0.180331110954285
15,7,"willing",65,0.635981798171997
15,9,"willing",23,-0.36501157283783
15,12,"willing",31,-0.186173796653748
15,23,"willing",39,-0.757560282945633
15,23,"willing",67,0.78659188747406
16,3,"willing",67,0.335939645767212
16,20,"willing",91,0.695410847663879
16,14,"willing",100,0.374200105667114
16,16,"willing",81,0.731200695037842
16,16,"willing",73,-0.470828771591187
16,14,"willing",100,0.695410847663879
16,20,"willing",82,0.674097537994385
16,16,"willing",71,0.78659188747406
17,1,"willing",0,0.557807087898254
17,12,"willing",0,-0.167389512062073
17,6,"willing",0,0.678370833396912
17,1,"willing",0,0.521633505821228
17,17,"willing",0,-0.779227450489998
17,17,"willing",0,-0.190789461135864
17,12,"willing",0,-0.156125068664551
17,3,"willing",70,0.708225727081299
18,15,"willing",0,-0.0745089650154114
18,12,"willing",0,0.48602294921875
18,3,"willing",25,0.457461595535278
18,17,"willing",0,-0.771744713187218
18,12,"willing",0,0.731200695037842
18,10,"willing",60,0.75802755355835
18,12,"willing",5,-0.591646939516068
18,8,"willing",0,-0.826947867870331
19,3,"willing",40,0.695410847663879
19,16,"willing",65,0.743591904640198
19,23,"willing",30,0.678370833396912
19,22,"willing",25,0.537293791770935
19,6,"willing",10,-0.771744713187218
19,1,"willing",20,-0.764777109026909
19,23,"willing",70,-0.757560282945633
19,20,"willing",70,0.590556859970093
20,3,"willing",72,0.695410847663879
20,3,"willing",55,0.738454341888428
20,23,"willing",45,0.374200105667114
20,25,"willing",62,-0.617924124002457
20,3,"willing",73,0.731200695037842
20,6,"willing",10,-0.816255614161491
20,26,"willing",64,-0.757560282945633
20,21,"willing",11,-0.779227450489998
21,21,"willing",4,-0.773200288414955
21,21,"willing",0,-0.726624071598053
21,10,"willing",63,0.738454341888428
21,18,"willing",23,-0.0745089650154114
21,21,"willing",2,-0.771744713187218
21,6,"willing",9,-0.180331110954285
21,20,"willing",64,-0.757560282945633
21,6,"willing",28,-0.660026460886002
22,23,"willing",45,0.695410847663879
22,16,"willing",60,-0.228060901165009
22,23,"willing",40,-0.573507249355316
22,23,"willing",60,0.714885711669922
22,26,"willing",15,-0.505137056112289
22,12,"willing",5,-0.667535901069641
22,12,"willing",0,-0.75482189655304
22,26,"willing",0,-0.274528503417969
23,13,"willing",15,0.695410847663879
23,16,"willing",10,0.571426868438721
23,2,"willing",0,-0.666805267333984
23,19,"willing",5,-0.790761336684227
23,8,"willing",0,-0.778673276305199
23,18,"willing",1,-0.650366872549057
23,8,"willing",0,-0.518516272306442
23,10,"willing",20,0.466552972793579
24,5,"willing",4,0.391091346740723
24,25,"willing",65,-0.642010241746902
24,14,"willing",65,0.270068049430847
24,20,"willing",100,0.724303126335144
24,20,"willing",100,-0.790915548801422
24,14,"willing",80,0.738454341888428
24,23,"willing",70,-0.188717424869537
24,10,"willing",100,0.452675938606262
25,18,"willing",18,0.198688626289368
25,13,"willing",100,0.759617209434509
25,23,"willing",18,0.569373607635498
25,1,"willing",0,0.569373607635498
25,21,"willing",0,-0.760498642921448
25,13,"willing",100,0.731200695037842
25,11,"willing",100,-0.591646939516068
25,8,"willing",0,-0.755544096231461
26,19,"willing",40,-0.0825422406196594
26,11,"willing",100,0.743591904640198
26,14,"willing",70,0.374200105667114
26,7,"willing",72,0.742148160934448
26,17,"willing",9,-0.760498642921448
26,20,"willing",45,-0.728010952472687
26,3,"willing",65,-0.595013201236725
26,12,"willing",39,-0.680414855480194
27,5,"willing",0,-0.784131273627281
27,1,"willing",5,-0.601549535989761
27,14,"willing",62,-0.278412461280823
27,3,"willing",60,0.742148160934448
27,12,"willing",0,-0.769211456179619
27,23,"willing",9,-0.424350440502167
27,15,"willing",0,-0.757560282945633
27,14,"willing",72,-0.193140745162964
28,4,"willing",5,0.557807087898254
28,21,"willing",2,-0.784131273627281
28,13,"willing",72,0.374200105667114
28,7,"willing",84,0.742148160934448
28,7,"willing",92,0.700512170791626
28,5,"willing",19,0.609671711921692
28,9,"willing",66,0.674097537994385
28,4,"willing",3,-0.680414855480194
29,8,"willing",0,-0.816255614161491
29,4,"willing",54,0.335939645767212
29,26,"willing",64,-0.713686496019363
29,23,"willing",83,0.731200695037842
29,17,"willing",0,-0.760498642921448
29,6,"willing",4,0.680166959762573
29,21,"willing",7,-0.764777109026909
29,8,"willing",0,-0.771744713187218
30,0,"willing",96,0.357367515563965
30,16,"willing",89,0.695410847663879
30,3,"willing",73,0.374200105667114
30,1,"willing",10,-0.773184135556221
30,4,"willing",0,-0.431646764278412
30,26,"willing",27,-0.690130531787872
30,12,"willing",0,-0.431646764278412
30,14,"willing",100,-0.0347154140472412
31,23,"willing",40,-0.788358569145203
31,10,"willing",88,0.713557720184326
31,3,"willing",55,-0.209695935249329
31,23,"willing",55,-0.170616209506989
31,12,"willing",4,-0.814884692430496
31,22,"willing",75,0.6376713514328
31,13,"willing",100,-0.156125068664551
31,20,"willing",81,0.0589542388916016
32,0,"willing",72,0.391091346740723
32,16,"willing",45,0.731200695037842
32,22,"willing",60,0.738454341888428
32,23,"willing",42,0.731200695037842
32,6,"willing",9,0.0578113794326782
32,26,"willing",17,0.508263111114502
32,9,"willing",55,-0.156125068664551
32,0,"willing",60,0.78659188747406
33,25,"willing",100,0.731200695037842
33,13,"willing",100,0.763096928596497
33,16,"willing",100,0.738454341888428
33,23,"willing",100,0.662636518478394
33,25,"willing",100,0.344143509864807
33,16,"willing",100,0.374200105667114
33,7,"willing",100,0.21867835521698
33,11,"willing",100,0.78659188747406
34,15,"willing",0,-0.778576478362083
34,7,"willing",70,0.405173659324646
34,13,"willing",92,0.678370833396912
34,24,"willing",21,-0.666727006435394
34,7,"willing",86,0.731200695037842
34,3,"willing",40,-0.674454778432846
34,13,"willing",100,-0.595013201236725
34,24,"willing",61,-0.680414855480194
35,1,"willing",70,0.590556859970093
35,9,"willing",70,0.695410847663879
35,23,"willing",81,0.374200105667114
35,18,"willing",40,0.742148160934448
35,4,"willing",3,-0.470828771591187
35,1,"willing",60,0.374200105667114
35,25,"willing",95,-0.757560282945633
35,7,"willing",100,0.590556859970093
36,26,"willing",13,-0.733958572149277
36,1,"willing",27,-0.802049145102501
36,1,"willing",0,-0.739865243434906
36,1,"willing",8,0.743591904640198
36,8,"willing",0,-0.802049145102501
36,3,"willing",70,0.738454341888428
36,4,"willing",0,-0.680414855480194
36,1,"willing",60,0.195933938026428
37,6,"willing",15,-0.305513978004456
37,22,"willing",20,-0.505137056112289
37,20,"willing",25,0.374200105667114
37,22,"willing",40,0.742148160934448
37,20,"willing",65,0.731200695037842
37,3,"willing",20,0.713557720184326
37,11,"willing",60,0.690699458122253
37,25,"willing",20,0.78659188747406
38,4,"willing",15,0.391091346740723
38,6,"willing",9,-0.675742328166962
38,18,"willing",30,0.414975047111511
38,26,"willing",30,-0.639607906341553
38,13,"willing",80,-0.505137056112289
38,25,"willing",35,0.374200105667114
38,9,"willing",76,-0.757560282945633
38,19,"willing",15,0.78659188747406
39,4,"willing",0,-0.771744713187218
39,20,"willing",10,0.724982976913452
39,19,"willing",19,-0.569750815629959
39,3,"willing",20,-0.788888514041901
39,20,"willing",100,0.731200695037842
39,5,"willing",9,-0.754491046071053
39,4,"willing",10,-0.711745262145996
39,11,"willing",90,0.78659188747406
40,17,"willing",24,-0.764777109026909
40,14,"willing",85,0.695410847663879
40,26,"willing",50,-0.756154701113701
40,4,"willing",45,-0.505137056112289
40,6,"willing",50,0.674097537994385
40,25,"willing",68,0.245904684066772
40,11,"willing",80,-0.156125068664551
40,25,"willing",74,0.78659188747406
41,22,"willing",85,0.391091346740723
41,20,"willing",80,0.638033032417297
41,14,"willing",92,0.374200105667114
41,20,"willing",75,0.642146825790405
41,9,"willing",25,0.6376713514328
41,20,"willing",95,0.0690457820892334
41,22,"willing",60,-0.793742701411247
41,20,"willing",100,0.78659188747406
42,23,"willing",6,0.790867328643799
42,23,"willing",4,0.743591904640198
42,12,"willing",5,0.433952331542969
42,17,"willing",2,-0.574658811092377
42,23,"willing",7,-0.525312900543213
42,17,"willing",0,-0.737428963184357
42,7,"willing",8,0.590556859970093
42,1,"willing",1,0.736944437026978
43,4,"willing",0,-0.0137680172920227
43,6,"willing",0,-0.574081420898438
43,3,"willing",0,-0.535250902175903
43,8,"willing",0,-0.771744713187218
43,8,"willing",0,-0.119235992431641
43,17,"willing",0,0.0690457820892334
43,18,"willing",28,-0.567534536123276
43,18,"willing",30,0.195933938026428
44,19,"willing",65,0.391091346740723
44,6,"willing",16,0.638033032417297
44,16,"willing",71,-0.234929323196411
44,4,"willing",0,0.419940948486328
44,6,"willing",6,-0.792643219232559
44,5,"willing",14,0.391091346740723
44,24,"willing",87,-0.156125068664551
44,21,"willing",0,-0.771744713187218
45,12,"willing",21,0.649226784706116
45,12,"willing",29,-0.317578494548798
45,12,"willing",39,0.680166959762573
45,23,"willing",45,0.590730786323547
45,1,"willing",54,0.21867835521698
45,1,"willing",34,0.391091346740723
45,15,"willing",4,-0.740360110998154
45,3,"willing",51,0.670098781585693
46,12,"willing",16,-0.778576478362083
46,12,"willing",16,-0.521409273147583
46,23,"willing",55,-0.728010952472687
46,13,"willing",93,0.633119344711304
46,15,"willing",0,-0.505137056112289
46,3,"willing",64,-0.186173796653748
46,2,"willing",0,-0.747337371110916
46,23,"willing",13,0.466552972793579
47,20,"willing",60,0.391091346740723
47,20,"willing",75,0.571426868438721
47,10,"willing",84,0.220730304718018
47,13,"willing",65,0.742148160934448
47,13,"willing",75,0.674097537994385
47,10,"willing",80,0.374200105667114
47,13,"willing",91,-0.747337371110916
47,10,"willing",98,-0.0209064483642578
48,16,"willing",70,0.695410847663879
48,3,"willing",50,0.695410847663879
48,16,"willing",60,0.374200105667114
48,16,"willing",70,0.714885711669922
48,16,"willing",60,0.21867835521698
48,14,"willing",70,0.738454341888428
48,16,"willing",60,-0.156125068664551
48,14,"willing",70,0.627710700035095
49,10,"willing",100,-0.304470658302307
49,10,"willing",100,0.759617209434509
49,10,"willing",100,0.743591904640198
49,10,"willing",95,0.695410847663879
49,13,"willing",100,0.731200695037842
49,13,"willing",95,0.738454341888428
49,14,"willing",97,-0.156125068664551
49,10,"willing",100,0.695410847663879
50,13,"willing",100,0.391091346740723
50,21,"willing",0,-0.768006309866905
50,4,"willing",0,-0.739865243434906
50,12,"willing",43,0.313746333122253
50,23,"willing",54,0.487629055976868
50,21,"willing",0,-0.788779139518738
50,12,"willing",39,-0.825471818447113
50,22,"willing",100,0.642176866531372
51,4,"willing",0,-0.574903130531311
51,13,"willing",100,0.738454341888428
51,10,"willing",81,0.374200105667114
51,25,"willing",49,0.674097537994385
51,3,"willing",60,0.700512170791626
51,10,"willing",92,0.695410847663879
51,0,"willing",92,0.590556859970093
51,0,"willing",81,-0.305513978004456
52,1,"willing",57,0.48602294921875
52,17,"willing",1,-0.785388320684433
52,20,"willing",72,0.374200105667114
52,20,"willing",97,0.70619523525238
52,17,"willing",3,-0.559883236885071
52,5,"willing",18,-0.798667669296265
52,5,"willing",28,-0.728010952472687
52,17,"willing",5,-0.814335599541664
53,1,"willing",25,-0.30104649066925
53,16,"willing",50,0.0105235576629639
53,3,"willing",55,-0.0930331349372864
53,1,"willing",40,0.201978445053101
53,23,"willing",50,-0.42878383398056
53,23,"willing",45,0.0690457820892334
53,5,"willing",30,-0.292811334133148
53,20,"willing",60,-0.326417088508606
54,15,"willing",3,0.391091346740723
54,23,"willing",3,0.660681486129761
54,4,"willing",0,-0.666805267333984
54,3,"willing",9,0.6376713514328
54,22,"willing",81,0.592597484588623
54,26,"willing",5,0.374200105667114
54,15,"willing",9,-0.76291199028492
54,6,"willing",0,0.0589542388916016
55,20,"willing",100,0.763096928596497
55,13,"willing",100,-0.332378149032593
55,10,"willing",100,0.220730304718018
55,13,"willing",100,0.674097537994385
55,21,"willing",0,-0.771744713187218
55,16,"willing",80,-0.424350440502167
55,7,"willing",100,0.21867835521698
55,26,"willing",65,-0.779227450489998
56,23,"willing",45,0.75802755355835
56,17,"willing",0,-0.771744713187218
56,21,"willing",0,-0.728010952472687
56,21,"willing",0,-0.795571208000183
56,23,"willing",0,-0.64439383149147
56,8,"willing",0,-0.73030099272728
56,26,"willing",50,0.674097537994385
56,17,"willing",0,-0.761301696300507
57,14,"willing",5,-0.635335892438889
57,11,"willing",0,0.695410847663879
57,23,"willing",0,0.678370833396912
57,16,"willing",0,0.751473665237427
57,8,"willing",0,-0.725869178771973
57,5,"willing",0,0.638033032417297
57,23,"willing",0,-0.757560282945633
57,8,"willing",0,0.0760346651077271
58,2,"willing",0,-0.818902403116226
58,17,"willing",0,-0.533860832452774
58,1,"willing",13,0.330546140670776
58,17,"willing",0,-0.771744713187218
58,23,"willing",51,0.731200695037842
58,17,"willing",0,0.433952331542969
58,15,"willing",0,-0.586760878562927
58,20,"willing",85,0.78659188747406
59,1,"willing",25,-0.401459991931915
59,12,"willing",0,-0.756154701113701
59,12,"willing",10,-0.424350440502167
59,23,"willing",40,0.738454341888428
59,23,"willing",40,0.335939645767212
59,17,"willing",0,-0.7577785551548
59,1,"willing",30,-0.773200288414955
59,12,"willing",9,-0.771744713187218
60,2,"willing",0,-0.80050952732563
60,12,"willing",0,-0.167389512062073
60,1,"willing",0,-0.807989463210106
60,9,"willing",0,0.603157520294189
60,3,"willing",0,-0.505137056112289
60,21,"willing",0,-0.68180313706398
60,21,"willing",0,-0.830285847187042
60,3,"willing",0,-0.193140745162964
61,23,"willing",100,0.391091346740723
61,17,"willing",0,-0.771744713187218
61,23,"willing",69,0.374200105667114
61,12,"willing",0,-0.788358569145203
61,12,"willing",0,-0.771744713187218
61,22,"willing",100,0.374200105667114
61,23,"willing",74,-0.188717424869537
61,23,"willing",100,0.670098781585693
62,12,"willing",0,-0.401459991931915
62,16,"willing",62,0.731200695037842
62,23,"willing",3,0.75802755355835
62,23,"willing",5,0.742148160934448
62,12,"willing",0,0.674097537994385
62,10,"willing",100,0.374200105667114
62,1,"willing",0,-0.305513978004456
62,12,"willing",4,0.552592277526855
63,4,"willing",0,-0.784131273627281
63,4,"willing",0,-0.784131273627281
63,3,"willing",0,-0.728010952472687
63,18,"willing",20,0.521633505821228
63,19,"willing",91,0.731200695037842
63,12,"willing",0,-0.798667669296265
63,2,"willing",0,-0.814335599541664
63,5,"willing",0,-0.804886221885681
64,1,"willing",0,-0.811454877257347
64,3,"willing",40,-0.567199617624283
64,12,"willing",25,0.731200695037842
64,23,"willing",20,-0.356299221515656
64,1,"willing",10,0.731200695037842
64,20,"willing",60,0.738454341888428
64,23,"willing",45,-0.156125068664551
64,20,"willing",19,0.708293914794922
65,6,"willing",41,0.391091346740723
65,8,"willing",0,-0.739865243434906
65,8,"willing",0,-0.728010952472687
65,25,"willing",55,0.320042848587036
65,20,"willing",99,0.731200695037842
65,21,"willing",0,-0.725869178771973
65,7,"willing",65,-0.757560282945633
65,17,"willing",6,-0.677652537822723
66,0,"willing",10,-0.666727006435394
66,20,"willing",29,0.738454341888428
66,15,"willing",0,0.198688626289368
66,18,"willing",0,0.742148160934448
66,21,"willing",0,-0.505137056112289
66,9,"willing",19,-0.643076837062836
66,9,"willing",3,-0.36501157283783
66,0,"willing",25,0.453364014625549
67,9,"willing",100,0.695410847663879
67,9,"willing",100,0.638033032417297
67,7,"willing",90,0.374200105667114
67,9,"willing",40,-0.505137056112289
67,9,"willing",85,-0.505137056112289
67,1,"willing",80,0.374200105667114
67,24,"willing",80,-0.156125068664551
67,18,"willing",80,-0.505137056112289
68,23,"willing",30,-0.156125068664551
68,1,"willing",6,0.660681486129761
68,16,"willing",74,0.738454341888428
68,1,"willing",15,0.521633505821228
68,1,"willing",19,0.742148160934448
68,23,"willing",54,0.695410847663879
68,12,"willing",3,-0.757560282945633
68,23,"willing",9,0.172764897346497
69,21,"willing",0,-0.612575769424438
69,12,"willing",16,0.466552972793579
69,12,"willing",0,0.697143316268921
69,23,"willing",22,0.548390865325928
69,1,"willing",0,0.269824743270874
69,21,"willing",0,0.270068049430847
69,8,"willing",11,-0.156125068664551
69,8,"willing",0,-0.737778931856155
70,6,"willing",28,-0.766053304076195
70,14,"willing",84,0.662636518478394
70,10,"willing",100,0.75802755355835
70,11,"willing",70,0.742148160934448
70,9,"willing",19,-0.765659347176552
70,10,"willing",75,0.374200105667114
70,25,"willing",65,-0.156125068664551
70,12,"willing",80,0.736944437026978
71,1,"willing",5,-0.771744713187218
71,3,"willing",75,0.391091346740723
71,16,"willing",70,0.374200105667114
71,21,"willing",0,-0.771744713187218
71,17,"willing",10,0.674097537994385
71,23,"willing",10,-0.0745089650154114
71,3,"willing",30,-0.36501157283783
71,8,"willing",0,-0.739843457937241
72,12,"willing",18,-0.505137056112289
72,4,"willing",5,0.638033032417297
72,1,"willing",15,0.414975047111511
72,23,"willing",46,0.742148160934448
72,23,"willing",74,-0.470828771591187
72,12,"willing",5,-0.728010952472687
72,1,"willing",42,-0.156125068664551
72,6,"willing",7,0.638033032417297
73,3,"willing",43,-0.156125068664551
73,16,"willing",69,0.466552972793579
73,5,"willing",24,0.660681486129761
73,20,"willing",53,0.739808082580566
73,25,"willing",61,0.680447101593018
73,3,"willing",34,0.374200105667114
73,7,"willing",60,-0.757560282945633
73,20,"willing",71,0.78659188747406
74,26,"willing",57,-0.741232067346573
74,22,"willing",81,0.453320980072021
74,23,"willing",64,-0.0930331349372864
74,9,"willing",31,0.633119344711304
74,6,"willing",62,0.731200695037842
74,1,"willing",0,-0.548686176538467
74,21,"willing",0,-0.814335599541664
74,9,"willing",100,0.594313383102417
75,10,"willing",86,0.695410847663879
75,4,"willing",0,-0.674454778432846
75,14,"willing",98,0.642176866531372
75,20,"willing",86,0.635981798171997
75,12,"willing",0,-0.119235992431641
75,21,"willing",0,0.0690457820892334
75,22,"willing",77,-0.549875050783157
75,13,"willing",100,0.521065831184387
76,3,"willing",40,-0.788402155041695
76,22,"willing",65,0.731200695037842
76,10,"willing",70,0.508263111114502
76,13,"willing",100,0.75802755355835
76,1,"willing",70,0.716869711875916
76,13,"willing",80,0.571426868438721
76,25,"willing",65,-0.694690495729446
76,22,"willing",60,0.674097537994385
77,3,"willing",87,-0.156125068664551
77,18,"willing",70,0.0962004661560059
77,8,"willing",0,-0.771744713187218
77,13,"willing",100,0.775673627853394
77,16,"willing",96,0.269824743270874
77,4,"willing",4,-0.586760878562927
77,18,"willing",51,-0.80050952732563
77,20,"willing",76,0.790867328643799
78,20,"willing",71,0.391091346740723
78,13,"willing",100,0.759617209434509
78,14,"willing",100,0.75802755355835
78,15,"willing",0,-0.788358569145203
78,8,"willing",0,-0.771744713187218
78,14,"willing",7,0.787449598312378
78,16,"willing",82,0.590556859970093
78,19,"willing",57,0.0630613565444946
79,12,"willing",0,-0.304470658302307
79,4,"willing",0,-0.415085136890411
79,8,"willing",0,-0.725869178771973
79,3,"willing",10,0.313746333122253
79,2,"willing",0,-0.803040355443954
79,8,"willing",0,-0.759581834077835
79,12,"willing",0,-0.591646939516068
79,12,"willing",10,-0.167389512062073
80,13,"willing",61,0.391091346740723
80,13,"willing",78,0.638033032417297
80,19,"willing",0,0.414975047111511
80,12,"willing",0,0.476712942123413
80,1,"willing",31,-0.105449199676514
80,23,"willing",0,-0.667122900485992
80,12,"willing",0,-0.757560282945633
80,16,"willing",36,0.700961112976074
81,26,"willing",45,-0.145119667053223
81,12,"willing",35,-0.703788310289383
81,14,"willing",90,0.00127363204956055
81,3,"willing",55,0.714885711669922
81,23,"willing",60,-0.768604531884193
81,23,"willing",55,0.374200105667114
81,3,"willing",40,-0.76291199028492
81,3,"willing",70,-0.190668284893036
82,23,"willing",75,0.695410847663879
82,1,"willing",25,-0.756154701113701
82,6,"willing",20,0.678370833396912
82,22,"willing",70,0.693966627120972
82,23,"willing",35,-0.505137056112289
82,12,"willing",15,-0.725869178771973
82,3,"willing",50,-0.757560282945633
82,12,"willing",15,-0.771744713187218
83,25,"willing",85,0.391091346740723
83,18,"willing",55,0.731200695037842
83,13,"willing",93,0.220730304718018
83,9,"willing",55,0.490541696548462
83,26,"willing",34,0.731200695037842
83,9,"willing",60,-0.728010952472687
83,11,"willing",100,0.590556859970093
83,24,"willing",80,0.742148160934448
84,9,"willing",40,-0.771744713187218
84,20,"willing",100,0.660681486129761
84,10,"willing",71,0.571426868438721
84,26,"willing",0,-0.795571208000183
84,6,"willing",0,-0.771744713187218
84,14,"willing",65,-0.400558412075043
84,15,"willing",19,-0.783516973257065
84,0,"willing",100,0.695410847663879
85,21,"willing",0,-0.779154896736145
85,21,"willing",0,-0.764777109026909
85,26,"willing",10,-0.771744713187218
85,14,"willing",95,0.75802755355835
85,7,"willing",90,0.619345784187317
85,18,"willing",30,0.457461595535278
85,25,"willing",98,-0.156125068664551
85,26,"willing",0,-0.680414855480194
86,12,"willing",19,0.767429232597351
86,23,"willing",8,0.738454341888428
86,1,"willing",17,0.763096928596497
86,23,"willing",40,0.599554300308228
86,1,"willing",30,0.0742924213409424
86,23,"willing",10,0.695410847663879
86,3,"willing",20,0.738454341888428
86,23,"willing",10,0.571426868438721
87,14,"willing",97,0.695410847663879
87,10,"willing",100,0.724982976913452
87,23,"willing",0,-0.2917520403862
87,25,"willing",45,0.714885711669922
87,19,"willing",86,-0.771348029375076
87,14,"willing",75,0.738454341888428
87,16,"willing",92,0.674097537994385
87,1,"willing",20,-0.574903130531311
88,14,"willing",68,0.391091346740723
88,10,"willing",100,0.695410847663879
88,10,"willing",100,0.220730304718018
88,7,"willing",73,0.759617209434509
88,17,"willing",16,-0.760498642921448
88,18,"willing",14,-0.703788310289383
88,11,"willing",68,0.21867835521698
88,0,"willing",42,0.738454341888428
89,12,"willing",8,-0.401459991931915
89,20,"willing",86,0.660681486129761
89,5,"willing",72,-0.279041528701782
89,13,"willing",71,0.714885711669922
89,23,"willing",29,0.508122563362122
89,6,"willing",10,0.426631331443787
89,15,"willing",0,-0.783836841583252
89,22,"willing",93,0.266104459762573
90,13,"willing",90,-0.190668284893036
90,14,"willing",70,0.642176866531372
90,14,"willing",45,-0.180724859237671
90,7,"willing",85,0.697143316268921
90,17,"willing",2,-0.798355728387833
90,26,"willing",5,-0.728010952472687
90,26,"willing",9,-0.759730145335197
90,13,"willing",88,0.550889253616333
91,1,"willing",15,0.391091346740723
91,8,"willing",0,0.638033032417297
91,8,"willing",0,0.270068049430847
91,8,"willing",0,0.521633505821228
91,12,"willing",0,-0.709005445241928
91,8,"willing",0,0.165615081787109
91,20,"willing",71,-0.595013201236725
91,8,"willing",0,0.638033032417297
92,1,"willing",15,0.391091346740723
92,22,"willing",20,0.590556859970093
92,20,"willing",14,0.374200105667114
92,22,"willing",22,-0.27810400724411
92,20,"willing",20,-0.27810400724411
92,12,"willing",12,0.573765516281128
92,15,"willing",4,-0.757560282945633
92,22,"willing",19,0.674097537994385
93,1,"willing",38,-0.769540846347809
93,21,"willing",0,0.638033032417297
93,8,"willing",0,-0.739865243434906
93,20,"willing",64,0.635981798171997
93,20,"willing",86,-0.714984923601151
93,21,"willing",0,-0.798667669296265
93,19,"willing",36,-0.757560282945633
93,17,"willing",0,0.29932975769043
94,16,"willing",55,0.695410847663879
94,23,"willing",53,0.391091346740723
94,13,"willing",29,0.433952331542969
94,26,"willing",19,0.460239052772522
94,26,"willing",25,-0.760498642921448
94,23,"willing",44,0.270068049430847
94,1,"willing",45,-0.757560282945633
94,3,"willing",55,0.638033032417297
95,3,"willing",60,0.557807087898254
95,16,"willing",75,0.391091346740723
95,15,"willing",50,0.457461595535278
95,21,"willing",15,-0.771744713187218
95,21,"willing",35,0.335939645767212
95,9,"willing",60,0.391091346740723
95,12,"willing",25,-0.757560282945633
95,25,"willing",70,0.453320980072021
96,11,"willing",75,0.391091346740723
96,24,"willing",0,-0.74870041012764
96,10,"willing",96,0.738454341888428
96,7,"willing",78,0.6376713514328
96,13,"willing",91,0.21867835521698
96,0,"willing",26,0.053829550743103
96,10,"willing",100,-0.757560282945633
96,6,"willing",9,-0.470828771591187
97,24,"willing",60,0.642176866531372
97,22,"willing",80,0.391091346740723
97,2,"willing",20,0.731200695037842
97,6,"willing",10,0.521633505821228
97,24,"willing",30,-0.764950722455978
97,9,"willing",20,0.304384827613831
97,9,"willing",70,-0.768006563186646
97,6,"willing",70,0.695410847663879
98,9,"willing",92,0.569373607635498
98,22,"willing",99,0.759617209434509
98,14,"willing",63,-0.533860832452774
98,22,"willing",91,-0.576511919498444
98,23,"willing",72,0.567638158798218
98,3,"willing",31,-0.771744713187218
98,22,"willing",80,-0.595013201236725
98,9,"willing",60,-0.666727006435394
99,20,"willing",60,0.743591904640198
99,13,"willing",60,0.70619523525238
99,10,"willing",73,0.790867328643799
99,20,"willing",65,0.70619523525238
99,11,"willing",65,0.569373607635498
99,20,"willing",55,0.763096928596497
99,11,"willing",70,0.590556859970093
99,11,"willing",43,0.457461595535278
100,13,"willing",100,0.556731820106506
100,13,"willing",65,0.638033032417297
100,20,"willing",100,0.508263111114502
100,20,"willing",100,0.714885711669922
100,13,"willing",100,-0.760498642921448
100,14,"willing",50,0.391091346740723
100,11,"willing",100,-0.156125068664551
100,13,"willing",100,-0.505137056112289
101,19,"willing",19,0.391091346740723
101,20,"willing",67,0.738454341888428
101,22,"willing",55,0.374200105667114
101,26,"willing",40,0.751473665237427
101,26,"willing",25,0.0578113794326782
101,13,"willing",61,0.731200695037842
101,4,"willing",10,-0.549875050783157
101,11,"willing",62,0.638033032417297
102,23,"willing",80,0.391091346740723
102,23,"willing",58,0.638033032417297
102,1,"willing",25,-0.756154701113701
102,9,"willing",80,0.490541696548462
102,12,"willing",41,0.716869711875916
102,23,"willing",30,0.463706851005554
102,9,"willing",51,0.590556859970093
102,23,"willing",75,0.542463541030884
103,13,"willing",100,0.633119344711304
103,20,"willing",100,0.695410847663879
103,20,"willing",92,-0.465785384178162
103,20,"willing",97,0.590556859970093
103,22,"willing",81,0.21867835521698
103,13,"willing",80,0.731200695037842
103,20,"willing",77,-0.757560282945633
103,22,"willing",91,0.0742924213409424
104,1,"willing",12,0.391091346740723
104,21,"willing",3,-0.710642039775848
104,26,"willing",6,-0.728010952472687
104,23,"willing",9,-0.760498642921448
104,12,"willing",8,0.313535928726196
104,12,"willing",8,0.738454341888428
104,23,"willing",13,0.731200695037842
104,26,"willing",10,0.466552972793579
105,1,"willing",25,-0.0745089650154114
105,10,"willing",61,0.660681486129761
105,10,"willing",75,0.220730304718018
105,7,"willing",60,0.6376713514328
105,23,"willing",65,0.731200695037842
105,13,"willing",65,0.731200695037842
105,22,"willing",90,-0.156125068664551
105,3,"willing",50,0.0589542388916016
106,23,"willing",35,-0.756154701113701
106,3,"willing",60,-0.0745089650154114
106,20,"willing",90,0.457461595535278
106,23,"willing",40,0.521633505821228
106,20,"willing",80,0.731200695037842
106,23,"willing",25,-0.76956869661808
106,12,"willing",30,-0.6385458111763
106,3,"willing",80,0.743591904640198
107,1,"willing",46,0.21867835521698
107,1,"willing",51,0.590816855430603
107,3,"willing",83,-0.376619517803192
107,1,"willing",52,0.21867835521698
107,23,"willing",56,-0.176089704036713
107,1,"willing",63,-0.249290764331818
107,1,"willing",45,0.0742924213409424
107,1,"willing",56,0.731200695037842
108,15,"willing",6,-0.773200288414955
108,26,"willing",35,-0.677802711725235
108,21,"willing",1,-0.460166752338409
108,21,"willing",10,-0.42878383398056
108,1,"willing",51,-0.251940310001373
108,12,"willing",5,-0.70983150601387
108,11,"willing",65,-0.731768220663071
108,17,"willing",20,-0.779227450489998
109,1,"willing",25,-0.574903130531311
109,20,"willing",100,0.695410847663879
109,1,"willing",35,0.678370833396912
109,17,"willing",5,-0.765160396695137
109,21,"willing",0,-0.779227450489998
109,21,"willing",0,-0.756154701113701
109,26,"willing",40,-0.666727006435394
109,20,"willing",100,0.672617316246033
110,12,"willing",29,-0.719035804271698
110,17,"willing",7,-0.665036976337433
110,26,"willing",10,-0.674454778432846
110,9,"willing",33,0.713557720184326
110,17,"willing",8,-0.771744713187218
110,17,"willing",5,0.731200695037842
110,13,"willing",80,0.590556859970093
110,8,"willing",0,-0.669654458761215
111,11,"willing",79,0.576468110084534
111,22,"willing",78,0.391091346740723
111,20,"willing",83,0.374200105667114
111,3,"willing",89,0.700512170791626
111,6,"willing",61,-0.505137056112289
111,22,"willing",89,0.738454341888428
111,25,"willing",86,-0.757560282945633
111,20,"willing",77,0.709429979324341
112,18,"willing",7,-0.77855496108532
112,12,"willing",5,-0.827700018882751
112,13,"willing",8,0.678370833396912
112,15,"willing",0,-0.770503968000412
112,21,"willing",0,-0.7577785551548
112,17,"willing",2,-0.737428963184357
112,17,"willing",0,-0.690592527389526
112,20,"willing",8,0.736944437026978
113,23,"willing",70,0.391091346740723
113,13,"willing",95,0.67033326625824
113,20,"willing",80,0.0217002630233765
113,1,"willing",45,0.521633505821228
113,23,"willing",70,0.716869711875916
113,9,"willing",70,0.0690457820892334
113,20,"willing",85,-0.156125068664551
113,3,"willing",65,0.590816855430603
114,22,"willing",75,0.391091346740723
114,9,"willing",75,0.391091346740723
114,22,"willing",0,0.599528908729553
114,6,"willing",0,0.313746333122253
114,23,"willing",50,-0.739816278219223
114,3,"willing",80,0.374200105667114
114,22,"willing",100,-0.188717424869537
114,20,"willing",100,0.466552972793579
115,3,"willing",79,-0.765659347176552
115,7,"willing",59,0.391091346740723
115,23,"willing",32,0.785984754562378
115,20,"willing",85,0.534272074699402
115,3,"willing",51,-0.42878383398056
115,3,"willing",43,0.270068049430847
115,23,"willing",61,-0.188717424869537
115,23,"willing",45,0.0630613565444946
116,21,"willing",1,-0.42878383398056
116,17,"willing",12,-0.566704481840134
116,12,"willing",10,-0.219715476036072
116,1,"willing",22,0.419940948486328
116,23,"willing",38,-0.765659347176552
116,8,"willing",1,-0.33955180644989
116,26,"willing",35,-0.60324227809906
116,1,"willing",29,-0.167389512062073
117,21,"willing",14,-0.771744713187218
117,17,"willing",36,-0.771744713187218
117,10,"willing",98,0.457461595535278
117,13,"willing",99,0.695410847663879
117,26,"willing",66,-0.779227450489998
117,25,"willing",96,0.110288023948669
117,7,"willing",100,-0.747337371110916
117,10,"willing",95,0.763096928596497
118,13,"willing",71,-0.156125068664551
118,22,"willing",73,0.743591904640198
118,22,"willing",26,0.678370833396912
118,20,"willing",69,0.710372924804688
118,2,"willing",9,-0.771744713187218
118,4,"willing",6,-0.756154701113701
118,9,"willing",58,-0.595013201236725
118,1,"willing",42,0.571426868438721
119,9,"willing",95,0.743591904640198
119,20,"willing",100,0.695410847663879
119,13,"willing",75,0.374200105667114
119,7,"willing",90,0.616814732551575
119,23,"willing",60,0.731200695037842
119,22,"willing",81,0.508263111114502
119,25,"willing",86,-0.757560282945633
119,7,"willing",100,0.693966627120972
120,21,"willing",5,-0.0132544636726379
120,1,"willing",33,0.708293914794922
120,1,"willing",29,0.743591904640198
120,7,"willing",81,0.759617209434509
120,26,"willing",11,0.0578113794326782
120,4,"willing",2,-0.771744713187218
120,23,"willing",23,-0.757560282945633
120,12,"willing",33,0.590816855430603
121,9,"willing",70,0.391091346740723
121,20,"willing",100,0.695410847663879
121,13,"willing",100,0.581419825553894
121,6,"willing",19,-0.771744713187218
121,9,"willing",84,-0.569934815168381
121,26,"willing",40,-0.764777109026909
121,6,"willing",91,-0.36501157283783
121,6,"willing",61,-0.598339378833771
122,20,"willing",91,0.6376713514328
122,3,"willing",40,0.391091346740723
122,16,"willing",70,0.697143316268921
122,4,"willing",19,0.751904606819153
122,17,"willing",8,-0.505137056112289
122,12,"willing",9,-0.789566174149513
122,7,"willing",90,-0.595013201236725
122,10,"willing",100,0.466552972793579
123,1,"willing",70,0.590556859970093
123,6,"willing",15,-0.0745089650154114
123,1,"willing",2,-0.714617490768433
123,6,"willing",5,-0.781074330210686
123,22,"willing",60,0.21867835521698
123,6,"willing",10,-0.756154701113701
123,22,"willing",80,-0.757560282945633
123,12,"willing",4,-0.773121148347855
124,17,"willing",10,-0.771744713187218
124,23,"willing",70,0.391091346740723
124,10,"willing",100,0.220730304718018
124,10,"willing",90,0.765826821327209
124,23,"willing",70,0.697392702102661
124,16,"willing",65,0.453320980072021
124,15,"willing",10,-0.757560282945633
124,14,"willing",90,0.0589542388916016
125,26,"willing",60,-0.771744713187218
125,21,"willing",20,-0.674454778432846
125,10,"willing",90,0.220730304718018
125,7,"willing",80,0.742148160934448
125,9,"willing",75,-0.156125068664551
125,13,"willing",90,-0.369411110877991
125,1,"willing",65,0.571426868438721
125,19,"willing",35,-0.779227450489998
126,26,"willing",10,0.695410847663879
126,14,"willing",100,0.695410847663879
126,16,"willing",65,0.738454341888428
126,26,"willing",10,0.738454341888428
126,9,"willing",20,-0.709005445241928
126,4,"willing",10,-0.574903130531311
126,2,"willing",0,-0.709005445241928
126,14,"willing",20,0.627710700035095
127,22,"willing",80,0.21867835521698
127,22,"willing",81,0.695410847663879
127,2,"willing",0,-0.739865243434906
127,9,"willing",53,-0.771744713187218
127,17,"willing",0,0.238385558128357
127,12,"willing",9,-0.807989463210106
127,23,"willing",71,-0.156125068664551
127,22,"willing",100,0.571426868438721
128,17,"willing",21,-0.703788310289383
128,10,"willing",100,0.695410847663879
128,7,"willing",63,0.678370833396912
128,25,"willing",93,0.742148160934448
128,22,"willing",94,-0.768006563186646
128,12,"willing",17,-0.771744713187218
128,23,"willing",54,-0.757560282945633
128,3,"willing",70,-0.372870028018951
129,20,"willing",90,0.743591904640198
129,22,"willing",70,0.562149405479431
129,17,"willing",20,-0.739865243434906
129,23,"willing",70,0.714885711669922
129,12,"willing",15,-0.505137056112289
129,20,"willing",75,0.304384827613831
129,22,"willing",80,0.21867835521698
129,12,"willing",30,-0.680414855480194
130,9,"willing",40,-0.470828771591187
130,22,"willing",60,0.743591904640198
130,14,"willing",85,0.374200105667114
130,14,"willing",70,0.476712942123413
130,15,"willing",25,-0.470828771591187
130,8,"willing",5,-0.756154701113701
130,24,"willing",70,-0.591646939516068
130,22,"willing",90,0.0480363368988037
131,20,"willing",81,0.557807087898254
131,20,"willing",75,0.738454341888428
131,4,"willing",9,0.165615081787109
131,6,"willing",15,-0.240374445915222
131,23,"willing",70,-0.34884637594223
131,20,"willing",77,0.0217002630233765
131,20,"willing",70,0.21867835521698
131,1,"willing",61,-0.193140745162964
132,1,"willing",0,-0.703035563230515
132,22,"willing",21,0.720000624656677
132,17,"willing",0,0.169663071632385
132,12,"willing",0,-0.317578494548798
132,21,"willing",0,-0.771744713187218
132,17,"willing",0,-0.661104321479797
132,5,"willing",0,-0.445094525814056
132,20,"willing",100,0.672617316246033
133,20,"willing",100,0.697143316268921
133,14,"willing",100,0.759617209434509
133,10,"willing",100,0.374200105667114
133,4,"willing",0,0.419940948486328
133,17,"willing",0,-0.771744713187218
133,13,"willing",100,0.304384827613831
133,18,"willing",100,-0.156125068664551
133,7,"willing",100,0.743591904640198
134,23,"willing",55,-0.444656133651733
134,16,"willing",65,0.0105235576629639
134,23,"willing",65,-0.278412461280823
134,1,"willing",31,-0.0840896964073181
134,4,"willing",1,-0.771744713187218
134,20,"willing",85,0.435176491737366
134,26,"willing",30,-0.711745262145996
134,3,"willing",60,0.195933938026428
135,12,"willing",21,-0.305513978004456
135,19,"willing",25,-0.167389512062073
135,7,"willing",16,-0.773037195205688
135,7,"willing",39,0.695410847663879
135,23,"willing",25,-0.768604531884193
135,4,"willing",10,-0.728010952472687
135,14,"willing",67,-0.757560282945633
135,0,"willing",61,0.674097537994385
136,20,"willing",63,0.391091346740723
136,23,"willing",81,0.147838950157166
136,17,"willing",8,-0.535250902175903
136,1,"willing",17,0.635981798171997
136,3,"willing",60,-0.765911981463432
136,3,"willing",47,-0.00736469030380249
136,22,"willing",79,-0.789647683501244
136,25,"willing",61,-0.491271317005157
137,10,"willing",100,0.695410847663879
137,19,"willing",0,0.48602294921875
137,9,"willing",78,0.374200105667114
137,19,"willing",47,0.731200695037842
137,19,"willing",5,-0.470828771591187
137,4,"willing",0,-0.771744713187218
137,14,"willing",100,0.590556859970093
137,10,"willing",100,0.78659188747406
138,4,"willing",8,-0.484053313732147
138,17,"willing",33,0.198286771774292
138,17,"willing",19,-0.739865243434906
138,22,"willing",72,0.615759372711182
138,1,"willing",42,-0.771744713187218
138,12,"willing",44,0.374200105667114
138,14,"willing",96,-0.591646939516068
138,8,"willing",5,-0.697356998920441
139,14,"willing",100,-0.112066864967346
139,10,"willing",100,0.638033032417297
139,14,"willing",68,-0.569750815629959
139,13,"willing",100,-0.0313774943351746
139,10,"willing",100,-0.156125068664551
139,10,"willing",100,0.053829550743103
139,15,"willing",52,-0.711745262145996
139,5,"willing",80,-0.193140745162964
140,1,"willing",5,0.391091346740723
140,20,"willing",65,0.638033032417297
140,19,"willing",0,-0.788779139518738
140,22,"willing",0,0.731200695037842
140,11,"willing",5,-0.156125068664551
140,13,"willing",0,-0.728010952472687
140,1,"willing",0,-0.757560282945633
140,13,"willing",52,0.731200695037842
141,8,"willing",0,-0.771744713187218
141,8,"willing",0,-0.521409273147583
141,1,"willing",20,-0.0930331349372864
141,16,"willing",15,0.635981798171997
141,17,"willing",0,-0.792643219232559
141,12,"willing",0,0.0690457820892334
141,13,"willing",100,-0.757560282945633
141,8,"willing",0,-0.771744713187218
142,21,"willing",0,0.391091346740723
142,18,"willing",8,0.638033032417297
142,20,"willing",8,0.414975047111511
142,1,"willing",0,0.635981798171997
142,18,"willing",0,-0.105449199676514
142,26,"willing",0,0.0690457820892334
142,26,"willing",5,-0.549875050783157
142,1,"willing",5,0.29932975769043
143,23,"willing",5,0.695410847663879
143,20,"willing",100,0.537293791770935
143,14,"willing",86,0.660681486129761
143,20,"willing",100,0.654441595077515
143,5,"willing",0,-0.760498642921448
143,26,"willing",0,0.440481781959534
143,24,"willing",100,-0.156125068664551
143,12,"willing",10,0.67033326625824
144,8,"willing",0,-0.771744713187218
144,4,"willing",34,0.391091346740723
144,26,"willing",29,-0.278412461280823
144,6,"willing",35,-0.494307994842529
144,1,"willing",51,-0.792225018143654
144,8,"willing",0,-0.802049145102501
144,18,"willing",70,0.363780379295349
144,8,"willing",17,-0.193140745162964
145,8,"willing",0,-0.703788310289383
145,8,"willing",0,-0.817414432764053
145,8,"willing",0,-0.739865243434906
145,8,"willing",0,-0.096336305141449
145,6,"willing",4,-0.779154896736145
145,8,"willing",0,-0.632222086191177
145,8,"willing",0,-0.728010952472687
145,8,"willing",0,-0.779227450489998
146,10,"willing",98,0.243342995643616
146,11,"willing",80,0.638033032417297
146,2,"willing",10,-0.271272003650665
146,5,"willing",0,0.476712942123413
146,2,"willing",0,-0.771744713187218
146,22,"willing",60,-0.399952232837677
146,11,"willing",97,-0.549875050783157
146,12,"willing",20,-0.666727006435394
147,15,"willing",10,-0.784131273627281
147,18,"willing",10,-0.784131273627281
147,22,"willing",3,-0.771744713187218
147,20,"willing",80,0.710372924804688
147,0,"willing",92,0.639849781990051
147,1,"willing",10,-0.728010952472687
147,15,"willing",12,-0.757560282945633
147,13,"willing",80,0.753876805305481
148,6,"willing",10,-0.771744713187218
148,10,"willing",90,0.700512170791626
148,13,"willing",20,0.374200105667114
148,13,"willing",90,0.742148160934448
148,12,"willing",0,-0.122550547122955
148,13,"willing",90,0.738454341888428
148,5,"willing",100,-0.156125068664551
148,3,"willing",60,0.78659188747406
149,24,"willing",100,-0.549875050783157
149,7,"willing",100,0.391091346740723
149,19,"willing",88,0.678370833396912
149,10,"willing",100,0.569373607635498
149,19,"willing",90,0.464962840080261
149,0,"willing",100,0.21867835521698
149,6,"willing",61,-0.36501157283783
149,6,"willing",62,-0.188717424869537
150,8,"willing",0,-0.779227450489998
150,8,"willing",0,-0.795571208000183
150,8,"willing",0,-0.739865243434906
150,6,"willing",0,0.504899859428406
150,9,"willing",13,0.731200695037842
150,8,"willing",0,-0.773200288414955
150,16,"willing",4,0.590556859970093
150,8,"willing",0,-0.771744713187218
151,1,"willing",12,0.391091346740723
151,16,"willing",82,0.21867835521698
151,23,"willing",25,0.508263111114502
151,18,"willing",15,-0.362187266349792
151,18,"willing",32,-0.757172673940659
151,16,"willing",82,0.374200105667114
151,3,"willing",63,-0.709005445241928
151,1,"willing",37,0.78659188747406
152,12,"willing",57,0.391091346740723
152,13,"willing",95,0.590816855430603
152,10,"willing",100,0.270068049430847
152,18,"willing",39,0.714885711669922
152,21,"willing",0,-0.690592527389526
152,20,"willing",90,0.374200105667114
152,1,"willing",51,-0.764777109026909
152,17,"willing",7,0.0401246547698975
153,4,"willing",0,0.391091346740723
153,17,"willing",0,-0.703788310289383
153,4,"willing",0,-0.726589232683182
153,4,"willing",0,0.731200695037842
153,8,"willing",0,-0.771744713187218
153,6,"willing",9,0.647480130195618
153,8,"willing",0,-0.764777109026909
153,4,"willing",0,-0.505137056112289
154,20,"willing",80,0.391091346740723
154,10,"willing",90,0.660681486129761
154,13,"willing",75,0.75802755355835
154,20,"willing",80,0.521633505821228
154,20,"willing",30,0.402666091918945
154,13,"willing",73,0.053829550743103
154,23,"willing",70,0.571426868438721
154,13,"willing",100,0.724982976913452
155,1,"willing",55,-0.188717424869537
155,23,"willing",49,-0.692854017019272
155,3,"willing",47,0.642176866531372
155,23,"willing",51,0.742148160934448
155,23,"willing",60,-0.661460995674133
155,1,"willing",60,0.345117449760437
155,22,"willing",72,-0.156125068664551
155,9,"willing",49,-0.0209064483642578
156,3,"willing",39,-0.771744713187218
156,17,"willing",8,-0.521409273147583
156,22,"willing",70,-0.552331179380417
156,20,"willing",92,0.78659188747406
156,17,"willing",28,-0.726138889789581
156,17,"willing",24,-0.771744713187218
156,24,"willing",81,0.731200695037842
156,0,"willing",38,0.179336547851562
157,1,"willing",15,0.391091346740723
157,11,"willing",30,0.0589542388916016
157,14,"willing",65,0.508263111114502
157,13,"willing",100,0.571426868438721
157,20,"willing",100,0.742148160934448
157,3,"willing",55,0.304384827613831
157,25,"willing",100,0.590556859970093
157,0,"willing",50,0.642565488815308
158,5,"willing",33,-0.505137056112289
158,12,"willing",5,-0.761645391583443
158,14,"willing",75,0.75802755355835
158,10,"willing",90,0.716869711875916
158,16,"willing",100,0.759862065315247
158,21,"willing",0,-0.576001197099686
158,15,"willing",5,-0.757560282945633
158,13,"willing",75,0.724900603294373
159,12,"willing",32,-0.771744713187218
159,20,"willing",70,0.569373607635498
159,10,"willing",81,0.678370833396912
159,12,"willing",39,0.48602294921875
159,23,"willing",72,0.731200695037842
159,13,"willing",100,0.759617209434509
159,23,"willing",40,-0.680414855480194
159,3,"willing",60,-0.764777109026909
160,10,"willing",73,0.571426868438721
160,15,"willing",0,-0.778576478362083
160,20,"willing",70,0.374200105667114
160,20,"willing",75,0.731200695037842
160,13,"willing",95,-0.771348029375076
160,10,"willing",90,0.220730304718018
160,6,"willing",75,-0.709005445241928
160,1,"willing",50,0.550889253616333
161,8,"willing",0,-0.771744713187218
161,8,"willing",0,-0.784131273627281
161,16,"willing",86,0.374200105667114
161,21,"willing",0,-0.785316154360771
161,1,"willing",46,0.731200695037842
161,8,"willing",0,-0.798667669296265
161,15,"willing",0,-0.595013201236725
161,0,"willing",5,-0.505137056112289
162,25,"willing",100,-0.156125068664551
162,13,"willing",100,0.708225727081299
162,10,"willing",100,0.646706104278564
162,20,"willing",100,-0.494307994842529
162,19,"willing",100,-0.833543032407761
162,16,"willing",100,0.0690457820892334
162,23,"willing",100,-0.757560282945633
162,0,"willing",100,0.453320980072021
163,20,"willing",98,0.77502977848053
163,12,"willing",10,0.753806471824646
163,26,"willing",4,0.599528908729553
163,4,"willing",9,-0.788402155041695
163,3,"willing",79,0.731200695037842
163,21,"willing",20,0.599528908729553
163,17,"willing",8,-0.788402155041695
163,12,"willing",80,0.599528908729553
164,21,"willing",0,-0.784131273627281
164,4,"willing",0,-0.771744713187218
164,26,"willing",0,0.453320980072021
164,3,"willing",7,0.742148160934448
164,23,"willing",10,-0.505137056112289
164,26,"willing",0,0.374200105667114
164,23,"willing",15,0.21867835521698
164,15,"willing",0,-0.666727006435394
165,22,"willing",91,-0.156125068664551
165,19,"willing",74,0.638033032417297
165,12,"willing",55,-0.734119713306427
165,23,"willing",85,-0.790761336684227
165,3,"willing",60,-0.796282038092613
165,1,"willing",61,-0.728010952472687
165,18,"willing",65,-0.757560282945633
165,3,"willing",92,0.652366042137146
166,23,"willing",43,0.391091346740723
166,12,"willing",41,0.642176866531372
166,1,"willing",33,-0.771744713187218
166,1,"willing",35,0.753806471824646
166,1,"willing",44,0.402666091918945
166,1,"willing",18,-0.759581834077835
166,3,"willing",63,-0.156125068664551
166,23,"willing",80,0.714885711669922
167,0,"willing",51,-0.444656133651733
167,18,"willing",0,0.638033032417297
167,7,"willing",72,0.345117449760437
167,10,"willing",94,0.635981798171997
167,10,"willing",100,0.508122563362122
167,17,"willing",0,0.0690457820892334
167,10,"willing",100,0.731200695037842
167,26,"willing",51,0.266104459762573
168,25,"willing",66,0.695410847663879
168,23,"willing",40,-0.664098620414734
168,9,"willing",45,-0.14861673116684
168,17,"willing",3,-0.771744713187218
168,23,"willing",54,-0.790761336684227
168,23,"willing",28,-0.778576478362083
168,26,"willing",26,-0.680414855480194
168,3,"willing",72,-0.651590406894684
169,23,"willing",0,-0.13082617521286
169,13,"willing",91,0.580008625984192
169,5,"willing",4,0.457461595535278
169,3,"willing",27,-0.765659347176552
169,26,"willing",6,-0.765659347176552
169,15,"willing",8,-0.781182378530502
169,5,"willing",31,0.731200695037842
169,16,"willing",53,0.743591904640198
170,23,"willing",50,0.391091346740723
170,22,"willing",20,0.660681486129761
170,7,"willing",5,0.646706104278564
170,4,"willing",0,-0.81609944999218
170,17,"willing",5,-0.795571208000183
170,11,"willing",10,-0.424350440502167
170,7,"willing",70,-0.757560282945633
170,21,"willing",0,-0.771744713187218
171,20,"willing",94,0.590556859970093
171,20,"willing",85,0.738454341888428
171,3,"willing",57,0.345117449760437
171,16,"willing",85,0.697143316268921
171,23,"willing",50,0.731200695037842
171,14,"willing",95,0.391091346740723
171,16,"willing",70,-0.156125068664551
171,3,"willing",75,0.599528908729553
172,23,"willing",46,0.660681486129761
172,17,"willing",5,-0.737778931856155
172,20,"willing",71,0.738454341888428
172,20,"willing",90,0.693966627120972
172,22,"willing",80,0.227182388305664
172,5,"willing",8,-0.80991804599762
172,2,"willing",60,-0.595013201236725
172,1,"willing",20,0.0760346651077271
173,5,"willing",68,0.695410847663879
173,22,"willing",100,0.759617209434509
173,14,"willing",77,0.374200105667114
173,7,"willing",69,0.571426868438721
173,1,"willing",43,0.731200695037842
173,5,"willing",45,0.738454341888428
173,18,"willing",81,-0.591646939516068
173,1,"willing",55,0.78659188747406
174,23,"willing",61,0.0695079565048218
174,22,"willing",87,0.638033032417297
174,23,"willing",51,-0.728010952472687
174,26,"willing",34,0.521633505821228
174,4,"willing",16,-0.771744713187218
174,1,"willing",53,0.0690457820892334
174,3,"willing",85,-0.156125068664551
174,20,"willing",95,0.670098781585693
175,25,"willing",86,0.391091346740723
175,22,"willing",93,0.0105235576629639
175,16,"willing",77,0.444761276245117
175,26,"willing",32,-0.771744713187218
175,26,"willing",55,-0.765659347176552
175,23,"willing",81,0.0690457820892334
175,26,"willing",54,-0.765659347176552
175,3,"willing",85,0.647480130195618
176,22,"willing",90,0.571426868438721
176,22,"willing",85,0.391091346740723
176,14,"willing",85,0.75802755355835
176,12,"willing",20,-0.131410777568817
176,23,"willing",75,0.313535928726196
176,1,"willing",65,-0.574903130531311
176,12,"willing",10,-0.76291199028492
176,23,"willing",70,0.638033032417297
177,1,"willing",35,0.423606395721436
177,23,"willing",48,0.391091346740723
177,1,"willing",29,-0.674454778432846
177,20,"willing",100,-0.494307994842529
177,1,"willing",77,0.759862065315247
177,23,"willing",40,-0.598286598920822
177,22,"willing",86,-0.188717424869537
177,13,"willing",100,0.466552972793579
178,16,"willing",69,0.391091346740723
178,13,"willing",100,0.724982976913452
178,21,"willing",0,-0.771744713187218
178,11,"willing",98,0.742148160934448
178,12,"willing",10,-0.771744713187218
178,10,"willing",100,0.053829550743103
178,20,"willing",100,-0.156125068664551
178,1,"willing",64,0.638033032417297
179,11,"willing",97,0.391091346740723
179,20,"willing",65,0.439103603363037
179,23,"willing",5,-0.739865243434906
179,3,"willing",15,-0.710176676511765
179,25,"willing",52,0.504899859428406
179,11,"willing",80,-0.369411110877991
179,11,"willing",75,-0.156125068664551
179,24,"willing",40,-0.722106844186783
180,18,"willing",30,0.649226784706116
180,22,"willing",60,0.695410847663879
180,7,"willing",25,-0.802792817354202
180,25,"willing",40,0.742148160934448
180,25,"willing",70,-0.76291199028492
180,25,"willing",41,0.374200105667114
180,3,"willing",56,-0.709005445241928
180,18,"willing",55,-0.184568881988525
181,16,"willing",70,0.695410847663879
181,20,"willing",61,0.571426868438721
181,16,"willing",51,0.678370833396912
181,20,"willing",66,0.695410847663879
181,10,"willing",100,0.313535928726196
181,16,"willing",46,-0.58281946182251
181,22,"willing",85,-0.757560282945633
181,22,"willing",52,0.405173659324646
182,4,"willing",0,-0.768433541059494
182,6,"willing",51,-0.167389512062073
182,8,"willing",0,-0.771744713187218
182,6,"willing",30,0.521633505821228
182,4,"willing",0,-0.778576478362083
182,21,"willing",0,0.467449903488159
182,25,"willing",100,-0.419898331165314
182,25,"willing",100,0.700961112976074
183,6,"willing",80,0.642176866531372
183,4,"willing",0,0.391091346740723
183,6,"willing",0,-0.760498642921448
183,23,"willing",60,0.521633505821228
183,18,"willing",14,0.731200695037842
183,4,"willing",8,-0.728010952472687
183,2,"willing",0,-0.757560282945633
183,16,"willing",50,0.731200695037842
184,4,"willing",1,-0.805756703019142
184,18,"willing",5,-0.167389512062073
184,10,"willing",12,0.678370833396912
184,20,"willing",75,0.742148160934448
184,14,"willing",12,0.571426868438721
184,23,"willing",6,0.546449065208435
184,6,"willing",1,-0.180380582809448
184,0,"willing",100,0.78659188747406
185,13,"willing",86,0.70619523525238
185,14,"willing",77,0.695410847663879
185,10,"willing",81,0.743591904640198
185,14,"willing",81,0.70619523525238
185,10,"willing",86,0.731200695037842
185,14,"willing",82,0.569373607635498
185,14,"willing",73,0.790867328643799
185,10,"willing",100,0.763096928596497
186,22,"willing",85,0.674097537994385
186,1,"willing",25,0.642176866531372
186,4,"willing",5,-0.317578494548798
186,14,"willing",90,0.560789585113525
186,13,"willing",92,0.508122563362122
186,25,"willing",75,0.457461595535278
186,2,"willing",0,-0.750480443239212
186,13,"willing",95,0.466552972793579
187,25,"willing",62,0.674097537994385
187,8,"willing",0,-0.661104321479797
187,22,"willing",38,0.738454341888428
187,13,"willing",40,0.731200695037842
187,25,"willing",60,0.199566960334778
187,17,"willing",0,-0.798667669296265
187,0,"willing",29,0.21867835521698
187,8,"willing",0,-0.771744713187218
188,5,"willing",71,-0.505137056112289
188,21,"willing",8,0.638033032417297
188,22,"willing",70,0.391091346740723
188,1,"willing",69,0.731200695037842
188,4,"willing",11,-0.771744713187218
188,8,"willing",4,-0.574852555990219
188,7,"willing",35,-0.431646764278412
188,22,"willing",63,-0.530057966709137
189,23,"willing",74,0.695410847663879
189,23,"willing",74,0.172764897346497
189,16,"willing",70,0.374200105667114
189,1,"willing",60,0.476712942123413
189,1,"willing",60,-0.505137056112289
189,3,"willing",41,-0.728010952472687
189,22,"willing",92,-0.156125068664551
189,22,"willing",90,0.0589542388916016
190,12,"willing",60,0.614398241043091
190,23,"willing",35,-0.739944636821747
190,1,"willing",65,0.695410847663879
190,23,"willing",65,0.775673627853394
190,23,"willing",80,0.742148160934448
190,1,"willing",35,-0.771744713187218
190,1,"willing",60,-0.757560282945633
190,3,"willing",70,0.718081712722778
191,16,"willing",60,-0.505137056112289
191,23,"willing",90,0.590816855430603
191,22,"willing",100,0.678370833396912
191,22,"willing",100,0.695410847663879
191,25,"willing",100,-0.76291199028492
191,14,"willing",100,0.374200105667114
191,20,"willing",100,-0.757560282945633
191,16,"willing",100,-0.760498642921448
192,1,"willing",81,-0.515980362892151
192,25,"willing",71,-0.497076690196991
192,24,"willing",0,-0.739865243434906
192,9,"willing",55,0.521633505821228
192,21,"willing",8,-0.431646764278412
192,3,"willing",60,0.571426868438721
192,24,"willing",55,-0.680414855480194
192,12,"willing",75,-0.771744713187218
193,9,"willing",75,-0.496607899665833
193,23,"willing",86,0.330838203430176
193,23,"willing",72,-0.650120198726654
193,8,"willing",0,-0.749259471893311
193,4,"willing",0,-0.559883236885071
193,20,"willing",100,0.707043170928955
193,21,"willing",0,0.36022675037384
193,9,"willing",81,0.542463541030884
194,20,"willing",81,0.557807087898254
194,14,"willing",91,0.695410847663879
194,16,"willing",66,-0.369411110877991
194,17,"willing",30,-0.771744713187218
194,26,"willing",26,-0.76291199028492
194,26,"willing",38,-0.728010952472687
194,7,"willing",92,0.21867835521698
194,16,"willing",80,0.730158567428589
195,5,"willing",58,-0.770944848656654
195,12,"willing",24,-0.317578494548798
195,22,"willing",72,-0.372870028018951
195,22,"willing",53,0.6376713514328
195,3,"willing",30,-0.64439383149147
195,22,"willing",60,-0.372870028018951
195,19,"willing",56,-0.595013201236725
195,13,"willing",68,0.142310261726379
196,5,"willing",0,-0.317578494548798
196,5,"willing",0,0.731200695037842
196,19,"willing",0,-0.372870028018951
196,23,"willing",0,-0.659530490636826
196,17,"willing",0,-0.757560282945633
196,1,"willing",0,0.75802755355835
196,5,"willing",0,-0.680414855480194
196,19,"willing",0,-0.595013201236725
197,25,"willing",90,-0.156125068664551
197,20,"willing",100,0.391091346740723
197,14,"willing",100,0.220730304718018
197,18,"willing",61,0.75802755355835
197,9,"willing",92,0.21867835521698
197,11,"willing",97,0.345117449760437
197,4,"willing",5,-0.757560282945633
197,0,"willing",99,0.709429979324341
198,21,"willing",9,-0.0727840662002563
198,1,"willing",50,-0.769540846347809
198,17,"willing",7,-0.739865243434906
198,21,"willing",11,-0.503819972276688
198,15,"willing",9,-0.724856704473495
198,22,"willing",98,0.695410847663879
198,5,"willing",25,-0.76291199028492
198,3,"willing",84,0.345117449760437
199,0,"willing",40,0.619345784187317
199,22,"willing",25,0.391091346740723
199,20,"willing",10,0.557807087898254
199,10,"willing",80,0.724982976913452
199,14,"willing",50,0.504899859428406
199,3,"willing",5,-0.728010952472687
199,0,"willing",35,-0.156125068664551
199,3,"willing",50,0.731200695037842
200,12,"willing",19,0.391091346740723
200,13,"willing",100,0.590816855430603
200,18,"willing",85,-0.369411110877991
200,23,"willing",100,0.742148160934448
200,1,"willing",30,-0.760498642921448
200,13,"willing",50,-0.728010952472687
200,16,"willing",95,-0.156125068664551
200,3,"willing",30,0.660681486129761
201,22,"willing",85,0.446728229522705
201,1,"willing",34,0.0105235576629639
201,9,"willing",71,-0.535250902175903
201,26,"willing",6,-0.494307994842529
201,26,"willing",0,-0.790915548801422
201,12,"willing",3,-0.339060425758362
201,21,"willing",0,-0.11665815114975
201,4,"willing",0,0.195933938026428
202,23,"willing",60,-0.305513978004456
202,12,"willing",0,-0.756154701113701
202,3,"willing",55,0.678370833396912
202,23,"willing",60,0.731200695037842
202,17,"willing",0,-0.771744713187218
202,21,"willing",0,-0.798667669296265
202,15,"willing",0,-0.763374552130699
202,3,"willing",55,0.266104459762573
203,1,"willing",0,0.557807087898254
203,1,"willing",0,0.731200695037842
203,10,"willing",7,0.614398241043091
203,16,"willing",6,-0.362187266349792
203,10,"willing",10,0.663367033004761
203,26,"willing",4,0.391091346740723
203,19,"willing",0,-0.74647843837738
203,13,"willing",10,0.700512170791626
204,7,"willing",78,0.391091346740723
204,16,"willing",18,-0.591027766466141
204,14,"willing",50,-0.792665988206863
204,9,"willing",84,-0.494307994842529
204,17,"willing",0,-0.771744713187218
204,3,"willing",27,0.391091346740723
204,12,"willing",30,0.21867835521698
204,13,"willing",100,0.195933938026428
205,25,"willing",70,0.391091346740723
205,7,"willing",70,0.466552972793579
205,5,"willing",20,0.660681486129761
205,9,"willing",30,0.75802755355835
205,4,"willing",20,-0.470828771591187
205,1,"willing",50,0.270068049430847
205,4,"willing",10,-0.595013201236725
205,9,"willing",40,0.743591904640198
206,20,"willing",100,0.763096928596497
206,9,"willing",100,0.391091346740723
206,1,"willing",100,0.743591904640198
206,20,"willing",100,0.283527612686157
206,1,"willing",80,-0.156125068664551
206,16,"willing",100,0.053829550743103
206,23,"willing",80,0.53010368347168
206,16,"willing",100,0.318830370903015
207,13,"willing",81,-0.28175950050354
207,10,"willing",99,-0.785698473453522
207,14,"willing",68,-0.265633225440979
207,20,"willing",86,0.201978445053101
207,6,"willing",7,-0.745736956596375
207,14,"willing",60,0.053829550743103
207,20,"willing",81,-0.36501157283783
207,14,"willing",81,-0.193140745162964
208,13,"willing",100,0.743591904640198
208,11,"willing",80,0.391091346740723
208,1,"willing",39,0.678370833396912
208,17,"willing",11,-0.771744713187218
208,8,"willing",0,-0.791851699352264
208,6,"willing",70,0.743591904640198
208,12,"willing",10,-0.680414855480194
208,22,"willing",71,0.695410847663879
209,16,"willing",87,0.21867835521698
209,14,"willing",90,-0.529926717281342
209,16,"willing",83,0.36022675037384
209,14,"willing",89,0.743591904640198
209,16,"willing",84,0.790867328643799
209,14,"willing",94,0.635495662689209
209,16,"willing",78,0.759617209434509
209,14,"willing",96,0.433952331542969
210,21,"willing",0,0.391091346740723
210,12,"willing",0,-0.680414855480194
210,10,"willing",0,0.374200105667114
210,13,"willing",0,0.731200695037842
210,13,"willing",0,0.731200695037842
210,5,"willing",0,-0.33955180644989
210,5,"willing",0,-0.747337371110916
210,18,"willing",0,0.638033032417297
211,22,"willing",94,0.391091346740723
211,13,"willing",100,0.759617209434509
211,23,"willing",100,0.220730304718018
211,22,"willing",100,0.724982976913452
211,4,"willing",31,-0.533860832452774
211,20,"willing",100,0.374200105667114
211,22,"willing",100,0.590556859970093
211,1,"willing",43,0.635495662689209
212,1,"willing",10,0.391091346740723
212,26,"willing",1,-0.489830911159515
212,1,"willing",9,-0.489830911159515
212,20,"willing",40,0.569373607635498
212,13,"willing",30,0.730987906455994
212,15,"willing",19,0.138479351997375
212,15,"willing",20,-0.63960787653923
212,17,"willing",0,-0.6385458111763
213,2,"willing",0,-0.771744713187218
213,9,"willing",0,-0.422345101833344
213,7,"willing",4,0.374200105667114
213,25,"willing",4,0.70619523525238
213,19,"willing",9,-0.311879754066467
213,15,"willing",0,-0.816255614161491
213,10,"willing",9,-0.757172673940659
213,10,"willing",19,0.693966627120972
214,22,"willing",100,0.708225727081299
214,20,"willing",100,0.638033032417297
214,16,"willing",100,0.678370833396912
214,20,"willing",100,0.201978445053101
214,23,"willing",81,0.567638158798218
214,14,"willing",100,0.6376713514328
214,20,"willing",75,0.295878052711487
214,16,"willing",80,0.466552972793579
215,12,"willing",0,0.590556859970093
215,1,"willing",60,0.590816855430603
215,22,"willing",0,-0.535250902175903
215,7,"willing",0,0.635981798171997
215,6,"willing",0,0.173561215400696
215,5,"willing",60,0.391091346740723
215,23,"willing",0,-0.761645391583443
215,1,"willing",70,0.642176866531372
216,23,"willing",22,-0.802049145102501
216,22,"willing",71,-0.604681938886642
216,17,"willing",0,-0.76956869661808
216,3,"willing",55,-0.750769332051277
216,23,"willing",0,-0.791851699352264
216,12,"willing",40,-0.70983150601387
216,23,"willing",85,-0.714992552995682
216,20,"willing",75,0.635981798171997
